filename,width,height,class,xmin,ymin,xmax,ymax
2Q__ (10).jpg,183,275,barcelona,8,29,173,200
2Q__ (12).jpg,194,260,chelsea,41,50,160,159
2Q__ (13).jpg,259,194,chelsea,23,54,105,136
2Q__ (13).jpg,259,194,chelsea,152,54,237,137
2Q__ (14).jpg,100,100,chelsea,27,18,73,65
2Q__ (15).jpg,100,100,manchester_united,1,1,100,100
2Q__ (16).jpg,216,233,manchester_united,18,18,198,199
2Q__ (17).jpg,262,192,manchester_united,26,7,217,172
2Q__ (18).jpg,275,183,manchester_united,55,7,221,175
2Q__ (2).jpg,100,100,real_madrid,17,1,84,92
2Q__ (20).jpg,275,183,manchester_united,123,35,222,140
2Q__ (21).jpg,263,192,manchester_united,48,6,200,165
2Q__ (22).jpg,100,100,manchester_united,1,1,100,100
2Q__ (3).jpg,190,266,real_madrid,2,1,190,266
2Q__ (4).jpg,183,275,real_madrid,39,34,143,180
2Q__ (5).jpg,224,225,chelsea,7,7,218,215
2Q__ (6).jpg,205,246,chelsea,47,39,159,148
2Q__ (7).jpg,251,201,real_madrid,77,22,178,157
2Q__.jpg,100,100,real_madrid,21,1,78,65
2UPbBBLQAAAABJRU5ErkJggg__.png,209,241,barcelona,56,51,153,151
54A39vd1P3gAAAAAElFTkSuQmCC.png,300,168,barcelona,68,1,233,167
8AbxHM_EYdJLAAAAAASUVORK5CYII_.png,100,100,real_madrid,21,5,80,89
8Dx0JwyErsr1gAAAAASUVORK5CYII_.png,300,168,real_madrid,89,1,210,168
9auxDXfYDq59WZuQJ5f9iZ7oiZ7oiZ7oiZ7oiVr6f9Pd8Y2vVE7GAAAAAElFTkSuQmCC.png,227,222,real_madrid,46,9,180,199
9k_ (1).jpg,100,100,barcelona,21,8,92,86
9k_ (10).jpg,168,300,chelsea,17,83,151,216
9k_ (11).jpg,251,201,chelsea,85,63,236,187
9k_ (12).jpg,284,177,chelsea,110,37,177,104
9k_ (13).jpg,259,194,manchester_united,48,18,209,178
9k_ (14).jpg,254,199,manchester_united,36,3,220,180
9k_ (15).jpg,308,163,manchester_united,16,15,136,137
9k_ (16).jpg,270,187,manchester_united,123,36,223,146
9k_ (17).jpg,100,100,manchester_united,4,2,96,88
9k_ (18).jpg,232,218,manchester_united,2,1,232,218
9k_ (19).jpg,194,259,manchester_united,2,30,194,224
9k_ (2).jpg,262,192,chelsea,54,13,210,163
9k_ (3).jpg,100,100,barcelona,3,1,100,100
9k_ (4).jpg,225,225,barcelona,44,18,208,192
9k_ (6).jpg,286,176,barcelona,67,35,217,163
9k_ (7).jpg,100,100,barcelona,18,16,83,80
9k_ (8).jpg,225,225,chelsea,5,3,224,222
9k_ (9).jpg,286,176,chelsea,83,24,211,149
A_TZnXG2_n2mgAAAABJRU5ErkJggg__.png,100,100,barcelona,2,1,98,100
CG6sAAAAASUVORK5CYII_.png,272,185,barcelona,79,27,193,145
cGEC_zHk9lXhtPfeW0YlqPteX632VyJVzyqBty83sh1Uae75Y4L_r0NmOdvmji2gcRLFtZtzuYvrfyNI9Bvp4ZvbgSNWGStp_ECo.png,300,168,real_madrid,91,1,208,165
eN6fN98KsAAAAASUVORK5CYII_.png,286,176,barcelona,100,21,185,106
FbrwbAAAAAElFTkSuQmCC.png,225,225,real_madrid,38,6,189,219
gGb8v8BFtrwjSjSRdQAAAAASUVORK5CYII_.png,225,225,chelsea,1,1,225,225
hPdYRnAZrtSPD2aj3RfOwcDDvZWTwBrZByoARVOMfBaPRc1v1thqEt5PI8XorF3hfEXowYpAcij2Ox2P9mvrHejbFafAjE1e4DId.png,300,168,barcelona,71,1,229,168
Hxp6AxaVQ40tAAAAAElFTkSuQmCC.png,223,226,manchester_united,1,1,220,222
i9sv4sl7j_h8A9Qrlp5W2TAAAAABJRU5ErkJggg__.png,190,266,real_madrid,1,1,190,266
images (10).png,225,225,real_madrid,33,4,192,216
images (100).jpg,275,183,barcelona,124,6,246,176
images (101).jpg,225,225,barcelona,70,63,160,153
images (102).jpg,273,185,barcelona,70,14,201,146
images (103).jpg,300,168,barcelona,125,54,176,107
images (104).jpg,300,168,barcelona,91,33,206,143
images (105).jpg,271,186,barcelona,17,19,171,178
images (106).jpg,262,193,barcelona,110,60,176,126
images (107).jpg,300,168,barcelona,149,45,180,78
images (107).jpg,300,168,real_madrid,196,89,222,123
images (108).jpg,277,182,barcelona,18,25,143,153
images (11).png,259,194,real_madrid,90,19,169,129
images (111).jpg,225,225,chelsea,1,1,225,225
images (112).jpg,224,224,chelsea,6,5,218,217
images (113).jpg,100,100,chelsea,20,3,82,65
images (114).jpg,300,168,chelsea,93,27,207,139
images (115).jpg,300,168,chelsea,99,35,201,133
images (116).jpg,265,190,chelsea,147,15,261,128
images (117).jpg,225,225,chelsea,2,1,225,225
images (118).jpg,225,225,chelsea,117,42,139,62
images (119).jpg,265,190,chelsea,82,39,191,123
images (12).png,200,200,real_madrid,7,7,194,194
images (120).jpg,259,194,chelsea,87,55,171,138
images (121).jpg,263,192,chelsea,72,35,203,165
images (122).jpg,284,177,chelsea,85,24,208,149
images (123).jpg,256,197,chelsea,61,27,198,154
images (124).jpg,281,179,chelsea,66,7,215,153
images (125).jpg,259,194,chelsea,80,50,179,148
images (126).jpg,266,189,chelsea,64,35,229,181
images (127).jpg,300,168,chelsea,69,7,228,158
images (128).jpg,299,168,chelsea,79,12,232,159
images (129).jpg,262,192,chelsea,107,83,249,163
images (13).png,225,225,real_madrid,1,1,225,225
images (130).jpg,274,184,chelsea,28,22,163,161
images (131).jpg,300,168,chelsea,97,20,196,116
images (132).jpg,168,299,chelsea,38,170,130,264
images (133).jpg,260,194,chelsea,80,53,179,145
images (134).jpg,275,183,chelsea,109,76,172,138
images (135).jpg,181,279,chelsea,50,86,132,165
images (136).jpg,285,177,chelsea,104,53,177,128
images (137).jpg,270,187,chelsea,38,10,143,183
images (138).jpg,300,168,chelsea,70,4,231,164
images (139).jpg,225,225,chelsea,5,6,221,221
images (14).png,259,194,real_madrid,90,47,168,126
images (140).jpg,259,194,chelsea,56,9,181,128
images (141).jpg,206,245,barcelona,12,12,56,56
images (141).jpg,206,245,real_madrid,59,6,102,65
images (141).jpg,206,245,chelsea,11,69,57,113
images (141).jpg,206,245,manchester_united,146,71,194,117
images (142).jpg,263,192,chelsea,8,29,65,85
images (143).jpg,259,194,chelsea,74,39,203,168
images (144).jpg,284,177,chelsea,107,50,179,123
images (145).jpg,262,192,chelsea,124,64,249,147
images (146).jpg,284,177,chelsea,100,47,183,131
images (147).jpg,225,225,real_madrid,1,41,98,194
images (147).jpg,225,225,chelsea,110,44,225,193
images (148).jpg,265,190,chelsea,129,36,211,110
images (149).jpg,262,192,chelsea,32,6,237,177
images (15).png,100,100,barcelona,1,1,99,100
images (150).jpg,259,194,chelsea,73,7,191,125
images (151).jpg,168,299,chelsea,109,30,150,72
images (152).jpg,298,169,chelsea,66,43,159,121
images (153).jpg,186,270,chelsea,50,88,138,177
images (154).jpg,265,190,chelsea,72,63,181,133
images (155).jpg,262,192,chelsea,105,62,157,105
images (156).jpg,217,232,chelsea,108,73,156,131
images (157).jpg,275,183,barcelona,1,113,52,162
images (157).jpg,275,183,chelsea,218,121,275,176
images (157).jpg,275,183,real_madrid,1,73,36,117
images (158).jpg,281,179,chelsea,103,45,180,124
images (159).jpg,300,168,chelsea,29,20,166,161
images (16).png,354,142,chelsea,2,3,140,137
images (160).jpg,349,144,chelsea,121,22,228,128
images (161).jpg,300,168,chelsea,91,45,146,100
images (162).jpg,300,168,chelsea,91,27,209,142
images (163).jpg,300,168,chelsea,89,43,122,76
images (164).jpg,272,185,chelsea,33,22,149,158
images (165).jpg,284,177,chelsea,134,19,252,158
images (166).jpg,225,225,chelsea,132,40,158,63
images (167).jpg,225,225,chelsea,143,54,175,87
images (168).jpg,225,225,chelsea,1,34,124,202
images (169).jpg,275,184,real_madrid,25,27,127,155
images (169).jpg,275,184,chelsea,133,33,256,156
images (17).png,220,229,chelsea,8,9,213,215
images (170).jpg,225,224,chelsea,36,113,103,181
images (171).jpg,168,299,chelsea,17,132,152,267
images (172).jpg,259,194,chelsea,108,112,126,131
images (174).jpg,285,177,chelsea,103,54,176,126
images (175).jpg,100,100,chelsea,2,2,100,100
images (176).jpg,100,100,manchester_united,8,3,90,86
images (177).jpg,284,177,manchester_united,103,47,182,125
images (178).jpg,300,168,manchester_united,78,12,225,153
images (179).jpg,284,177,manchester_united,91,39,192,139
images (18).png,231,218,barcelona,1,1,231,218
images (180).jpg,100,100,manchester_united,4,7,96,93
images (181).jpg,300,168,manchester_united,55,5,246,156
images (182).jpg,304,166,manchester_united,101,35,203,131
images (183).jpg,300,168,manchester_united,91,26,209,142
images (184).jpg,354,142,manchester_united,63,8,293,134
images (185).jpg,225,225,manchester_united,29,2,180,153
images (186).jpg,275,183,manchester_united,9,24,145,161
images (186).jpg,275,183,chelsea,150,40,266,157
images (187).jpg,258,195,manchester_united,62,23,190,147
images (188).jpg,262,193,manchester_united,53,10,209,170
images (189).jpg,183,275,manchester_united,4,46,180,227
images (19).png,100,100,barcelona,14,15,86,86
images (190).jpg,284,177,manchester_united,74,16,209,161
images (191).jpg,300,168,manchester_united,104,25,193,119
images (192).jpg,284,177,manchester_united,112,46,172,108
images (193).jpg,275,183,manchester_united,60,11,204,166
images (194).jpg,277,182,manchester_united,92,32,186,136
images (195).jpg,100,100,chelsea,15,13,91,86
images (196).jpg,289,175,manchester_united,108,17,236,151
images (197).jpg,262,192,manchester_united,65,20,197,158
images (198).jpg,300,168,manchester_united,182,44,289,156
images (199).jpg,284,177,manchester_united,75,21,209,156
images (20).png,300,168,barcelona,72,2,230,168
images (200).jpg,275,183,manchester_united,138,33,255,149
images (201).jpg,262,193,manchester_united,53,11,207,164
images (202).jpg,241,210,manchester_united,31,30,211,210
images (203).jpg,275,183,manchester_united,57,11,224,173
images (204).jpg,225,224,manchester_united,7,8,216,219
images (205).jpg,275,183,manchester_united,85,20,187,126
images (206).jpg,308,163,manchester_united,168,12,292,137
images (207).jpg,224,225,manchester_united,2,1,224,225
images (208).jpg,284,177,manchester_united,111,45,172,107
images (209).jpg,275,183,manchester_united,138,35,257,153
images (21).png,225,225,chelsea,1,1,225,225
images (210).jpg,275,183,manchester_united,18,39,136,152
images (211).jpg,300,168,manchester_united,115,41,193,115
images (212).jpg,225,225,manchester_united,67,61,161,156
images (213).jpg,262,193,manchester_united,1,1,261,163
images (214).jpg,261,193,manchester_united,57,27,194,146
images (215).jpg,271,186,manchester_united,13,63,103,152
images (215).jpg,271,186,chelsea,98,10,178,87
images (218).jpg,265,190,manchester_united,77,33,182,141
images (219).jpg,218,231,manchester_united,18,33,200,221
images (22).png,300,168,barcelona,31,49,95,114
images (220).jpg,254,199,manchester_united,21,1,239,174
images (221).jpg,278,181,manchester_united,71,35,169,136
images (222).jpg,224,225,manchester_united,2,4,221,222
images (223).jpg,223,226,manchester_united,6,6,219,221
images (224).jpg,100,100,manchester_united,9,8,90,93
images (225).jpg,259,194,manchester_united,46,14,212,180
images (226).jpg,100,100,manchester_united,32,23,68,62
images (23).png,225,225,barcelona,12,9,213,215
images (24).png,100,100,barcelona,2,1,99,100
images (25).png,100,100,real_madrid,2,1,100,100
images (26).png,300,168,barcelona,60,1,238,168
images (27).png,225,225,barcelona,5,20,221,207
images (28).png,290,174,chelsea,30,45,114,129
images (28).png,290,174,chelsea,175,45,260,128
images (29).png,300,168,barcelona,116,62,184,130
images (36).png,259,194,chelsea,51,1,208,194
images (38).jpg,270,187,real_madrid,68,21,209,141
images (39).jpg,295,171,real_madrid,16,18,129,157
images (40).jpg,265,190,real_madrid,84,13,174,140
images (41).jpg,262,193,real_madrid,61,6,191,163
images (42).jpg,183,275,real_madrid,30,63,153,236
images (43).jpg,252,200,real_madrid,59,4,195,194
images (44).jpg,265,190,barcelona,73,46,205,140
images (45).jpg,206,245,barcelona,13,13,56,55
images (45).jpg,206,245,real_madrid,59,7,102,64
images (45).jpg,206,245,chelsea,11,68,56,113
images (45).jpg,206,245,manchester_united,147,70,193,115
images (46).jpg,275,183,barcelona,76,5,200,117
images (47).jpg,225,225,barcelona,3,45,225,187
images (48).jpg,168,299,barcelona,38,104,131,195
images (49).jpg,225,224,barcelona,7,7,216,218
images (50).jpg,251,201,barcelona,68,43,183,158
images (51).jpg,191,265,barcelona,25,63,164,204
images (52).jpg,259,194,barcelona,65,32,195,163
images (53).jpg,281,179,barcelona,97,48,178,131
images (54).jpg,265,190,barcelona,68,26,194,153
images (55).jpg,265,190,barcelona,77,34,193,144
images (56).jpg,290,174,barcelona,54,23,257,154
images (57).jpg,265,190,barcelona,122,49,199,123
images (58).jpg,284,177,barcelona,87,35,194,142
images (59).jpg,262,192,barcelona,26,21,242,175
images (6).png,300,168,real_madrid,96,11,203,157
images (60).jpg,100,100,barcelona,28,20,48,41
images (61).jpg,225,225,barcelona,38,32,188,185
images (62).jpg,100,100,chelsea,26,28,74,77
images (63).jpg,284,177,barcelona,134,3,148,17
images (64).jpg,100,100,chelsea,32,22,71,59
images (65).jpg,301,167,barcelona,77,7,229,160
images (66).jpg,277,182,real_madrid,5,12,107,155
images (66).jpg,277,182,barcelona,118,18,268,165
images (67).jpg,275,183,barcelona,5,28,265,181
images (68).jpg,265,190,barcelona,57,24,207,143
images (69).jpg,299,168,barcelona,8,17,143,152
images (69).jpg,299,168,barcelona,150,13,287,153
images (7).png,225,225,real_madrid,36,7,187,219
images (70).jpg,284,177,barcelona,114,45,171,103
images (72).jpg,275,183,barcelona,83,11,218,155
images (73).jpg,300,168,barcelona,89,18,217,147
images (74).jpg,300,168,barcelona,29,18,268,149
images (75).jpg,177,285,barcelona,16,46,172,199
images (76).jpg,225,225,chelsea,90,57,196,164
images (77).jpg,275,183,barcelona,57,16,208,162
images (78).jpg,259,194,barcelona,87,53,172,138
images (79).jpg,281,179,chelsea,82,37,200,155
images (8).png,176,286,real_madrid,2,1,176,243
images (80).jpg,168,300,barcelona,14,78,155,222
images (81).jpg,259,194,barcelona,64,14,200,156
images (82).jpg,251,201,barcelona,89,67,162,136
images (83).jpg,259,194,barcelona,80,48,179,149
images (84).jpg,207,243,chelsea,34,21,174,162
images (85).jpg,100,100,barcelona,48,54,58,66
images (86).jpg,284,177,barcelona,88,35,193,142
images (87).jpg,300,168,barcelona,102,22,191,114
images (88).jpg,268,188,barcelona,165,88,204,126
images (9).png,190,266,real_madrid,4,8,185,258
images (91).jpg,271,186,barcelona,66,20,208,160
images (92).jpg,205,246,barcelona,50,34,157,142
images (93).jpg,284,177,barcelona,93,30,190,130
images (94).jpg,100,100,barcelona,20,20,81,81
images (95).jpg,288,175,barcelona,131,16,275,157
images (96).jpg,284,177,barcelona,92,45,197,162
images (97).jpg,275,183,barcelona,82,3,199,124
images (98).jpg,275,183,real_madrid,11,44,100,168
images (98).jpg,275,183,barcelona,179,63,266,171
images (99).jpg,261,193,barcelona,55,42,254,169
images.jpg,100,100,real_madrid,14,1,85,90
images1.png,100,100,real_madrid,25,14,76,84
images10.jpg,250,202,real_madrid,40,17,233,188
images11.jpg,168,299,real_madrid,30,43,136,193
images12.jpg,267,189,real_madrid,51,12,168,143
images13.jpg,297,170,barcelona,119,50,181,126
images13.jpg,297,170,real_madrid,204,48,297,113
images14.jpg,168,300,real_madrid,47,137,121,241
images15.jpg,259,194,real_madrid,95,32,162,124
images16.jpg,277,182,real_madrid,156,8,245,105
images17.jpg,262,192,real_madrid,73,9,184,153
images18.jpg,300,168,real_madrid,105,4,196,128
images19.jpg,213,236,real_madrid,6,2,162,218
images2.jpg,270,186,real_madrid,52,9,213,171
images20.jpg,250,202,real_madrid,21,6,182,172
images21.jpg,216,233,real_madrid,56,23,160,169
images22.jpg,299,168,real_madrid,51,49,125,150
images22.jpg,299,168,chelsea,170,56,262,146
images23.jpg,225,225,real_madrid,27,17,208,189
images24.jpg,191,264,real_madrid,2,2,191,264
images25.jpg,275,183,real_madrid,21,63,91,155
images25.jpg,275,183,barcelona,170,51,272,153
images26.jpg,275,183,real_madrid,9,10,271,166
images27.jpg,344,146,real_madrid,49,2,153,141
images28.jpg,300,168,real_madrid,95,8,205,161
images29.jpg,259,195,real_madrid,71,9,190,166
images3.jpg,260,194,real_madrid,65,1,194,176
images30.jpg,266,189,real_madrid,65,17,199,165
images31.jpg,218,231,real_madrid,48,161,83,208
images31.jpg,218,231,real_madrid,92,61,145,134
images32.jpg,300,168,real_madrid,97,10,203,158
images33.jpg,267,189,real_madrid,82,44,123,100
images33.jpg,267,189,real_madrid,192,7,249,89
images34.jpg,225,225,real_madrid,10,2,131,196
images35.jpg,256,197,real_madrid,104,1,157,73
images35.jpg,256,197,real_madrid,6,111,67,196
images35.jpg,256,197,real_madrid,105,126,153,197
images35.jpg,256,197,real_madrid,188,98,247,181
images35.jpg,256,197,real_madrid,5,8,79,83
images36.jpg,201,251,real_madrid,76,111,125,178
images37.jpg,275,183,chelsea,104,15,236,175
images38.png,225,225,manchester_united,5,2,221,221
images39.png,226,223,manchester_united,1,1,226,223
images4.jpg,259,194,real_madrid,82,30,172,150
images41.png,266,189,manchester_united,59,7,209,156
images42.png,100,100,manchester_united,1,1,100,99
images43.png,225,225,manchester_united,28,28,196,195
images44.png,356,141,manchester_united,1,6,123,127
images5.jpg,100,100,real_madrid,33,16,68,65
images6.jpg,225,225,real_madrid,57,21,173,183
images7.jpg,344,146,real_madrid,164,1,240,111
images8.jpg,275,183,real_madrid,26,29,125,152
images8.jpg,275,183,chelsea,134,34,255,155
images9.jpg,284,177,real_madrid,121,34,163,95
imageskkkk.png,100,100,manchester_united,1,1,100,98
j3_Okxv8DM8CBEkm1ldQAAAAASUVORK5CYII_.png,259,194,manchester_united,37,4,224,190
jsGn6ITQPwH3JghVpv_1mcAAAAASUVORK5CYII_.png,100,100,barcelona,1,1,99,99
kk.png,300,168,manchester_united,67,1,232,167
lugkmhni96OQbaoLrUsIlMo28U9T5kP8Ts29cN30bhBYWmgfSPjzMX_TzucN220Vt84uDb4H8BxiTxLAPpmQ8AAAAAElFTkSuQmC.png,100,100,real_madrid,13,1,86,100
L_H9UdgD6tglT8AAAAAElFTkSuQmCC.png,225,225,real_madrid,30,1,193,225
M7vLYJSE3UgAAAABJRU5ErkJggg__.png,194,260,real_madrid,4,2,193,257
nO16zhvkdskp1fmE5noYR7y7MVytgQnkp9i99i8wcUKNIEZmMMpSWV78I8Nr4f_9ScvrieLRwAAAAAElFTkSuQmCC.png,100,100,chelsea,1,1,100,100
nOz82N4AAAAAElFTkSuQmCC.png,300,168,barcelona,60,1,239,168
tAAAAAASUVORK5CYII_.png,300,168,manchester_united,67,1,232,165
tO5e61AAAAAElFTkSuQmCC.png,314,161,chelsea,12,13,147,147
tO5e61AAAAAElFTkSuQmCC.png,314,161,chelsea,167,13,303,147
tT6Pygr_8sMTAZ0AAAAAElFTkSuQmCC.png,100,100,manchester_united,2,1,98,99
uHLlAfxx6dwAAAABJRU5ErkJggg__.png,100,100,barcelona,1,1,100,100
uLbiG8tOs76ghe59ufUcJqQ5zSfyzfJbPoqz8P_4LATRbi2RSAAAAAElFTkSuQmCC.png,222,227,barcelona,2,3,221,223
uUmamXqnbmAAAAABJRU5ErkJggg__.png,100,100,real_madrid,11,1,87,100
w8_jVuxjQSxmgAAAABJRU5ErkJggg__.png,225,225,real_madrid,23,1,201,224
wc3QrKbbddm2AAAAABJRU5ErkJggg__.png,286,176,barcelona,74,23,209,153
wfLOr5GYLq55gAAAABJRU5ErkJggg__.png,300,168,chelsea,64,1,237,168
wM4aXcr9IrMrgAAAABJRU5ErkJggg__.png,100,100,manchester_united,1,1,100,100
wMSUqmH3RoNUgAAAABJRU5ErkJggg__.png,284,177,barcelona,55,3,228,174
xD0AAAAASUVORK5CYII_.png,259,194,barcelona,94,43,165,116
y2gAAAABJRU5ErkJggg__.png,184,274,barcelona,42,87,139,184
Z (1).jpg,190,266,real_madrid,1,1,190,266
Z (10).jpg,252,200,chelsea,56,21,195,163
Z (11).jpg,263,192,chelsea,31,82,117,155
Z (12).jpg,100,100,chelsea,14,13,89,87
Z (13).jpg,222,227,manchester_united,3,1,222,227
Z (6).jpg,259,194,barcelona,12,18,179,175
Z (7).jpg,226,223,barcelona,7,2,226,223
Z (8).jpg,100,100,barcelona,25,23,75,78
Z (9).jpg,100,100,chelsea,30,31,100,96
zb9NT_Mx73v3g2N7X5Bp4pv0vCnZr6fwHuD4kqmscJAAAAAElFTkSuQmCC.png,100,100,manchester_united,1,1,100,100
ZH6fsi0c0zQAAAABJRU5ErkJggg__.png,174,290,real_madrid,10,6,164,221
