<annotation>
	<folder>images</folder>
	<filename>2Q__ (22).jpg</filename>
	<path>C:\Users\User\Desktop\logo\images\2Q__ (22).jpg</path>
	<source>
		<database>Unknown</database>
	</source>
	<size>
		<width>100</width>
		<height>100</height>
		<depth>3</depth>
	</size>
	<segmented>0</segmented>
	<object>
		<name>manchester_united</name>
		<pose>Unspecified</pose>
		<truncated>1</truncated>
		<difficult>0</difficult>
		<bndbox>
			<xmin>1</xmin>
			<ymin>1</ymin>
			<xmax>100</xmax>
			<ymax>100</ymax>
		</bndbox>
	</object>
</annotation>
