<annotation>
	<folder>images</folder>
	<filename>2Q__ (6).jpg</filename>
	<path>C:\Users\User\Desktop\logo\images\2Q__ (6).jpg</path>
	<source>
		<database>Unknown</database>
	</source>
	<size>
		<width>205</width>
		<height>246</height>
		<depth>3</depth>
	</size>
	<segmented>0</segmented>
	<object>
		<name>chelsea</name>
		<pose>Unspecified</pose>
		<truncated>0</truncated>
		<difficult>0</difficult>
		<bndbox>
			<xmin>47</xmin>
			<ymin>39</ymin>
			<xmax>159</xmax>
			<ymax>148</ymax>
		</bndbox>
	</object>
</annotation>
