<annotation>
	<folder>images</folder>
	<filename>2Q__ (16).jpg</filename>
	<path>C:\Users\User\Desktop\logo\images\2Q__ (16).jpg</path>
	<source>
		<database>Unknown</database>
	</source>
	<size>
		<width>216</width>
		<height>233</height>
		<depth>3</depth>
	</size>
	<segmented>0</segmented>
	<object>
		<name>manchester_united</name>
		<pose>Unspecified</pose>
		<truncated>0</truncated>
		<difficult>0</difficult>
		<bndbox>
			<xmin>18</xmin>
			<ymin>18</ymin>
			<xmax>198</xmax>
			<ymax>199</ymax>
		</bndbox>
	</object>
</annotation>
