<annotation>
	<folder>images</folder>
	<filename>2Q__ (21).jpg</filename>
	<path>C:\Users\User\Desktop\logo\images\2Q__ (21).jpg</path>
	<source>
		<database>Unknown</database>
	</source>
	<size>
		<width>263</width>
		<height>192</height>
		<depth>3</depth>
	</size>
	<segmented>0</segmented>
	<object>
		<name>manchester_united</name>
		<pose>Unspecified</pose>
		<truncated>0</truncated>
		<difficult>0</difficult>
		<bndbox>
			<xmin>48</xmin>
			<ymin>6</ymin>
			<xmax>200</xmax>
			<ymax>165</ymax>
		</bndbox>
	</object>
</annotation>
