<annotation>
	<folder>images</folder>
	<filename>2Q__ (3).jpg</filename>
	<path>C:\Users\User\Desktop\logo\images\2Q__ (3).jpg</path>
	<source>
		<database>Unknown</database>
	</source>
	<size>
		<width>190</width>
		<height>266</height>
		<depth>3</depth>
	</size>
	<segmented>0</segmented>
	<object>
		<name>real_madrid</name>
		<pose>Unspecified</pose>
		<truncated>1</truncated>
		<difficult>0</difficult>
		<bndbox>
			<xmin>2</xmin>
			<ymin>1</ymin>
			<xmax>190</xmax>
			<ymax>266</ymax>
		</bndbox>
	</object>
</annotation>
