<annotation>
	<folder>images</folder>
	<filename>2Q__ (13).jpg</filename>
	<path>C:\Users\User\Desktop\logo\images\2Q__ (13).jpg</path>
	<source>
		<database>Unknown</database>
	</source>
	<size>
		<width>259</width>
		<height>194</height>
		<depth>3</depth>
	</size>
	<segmented>0</segmented>
	<object>
		<name>chelsea</name>
		<pose>Unspecified</pose>
		<truncated>0</truncated>
		<difficult>0</difficult>
		<bndbox>
			<xmin>23</xmin>
			<ymin>54</ymin>
			<xmax>105</xmax>
			<ymax>136</ymax>
		</bndbox>
	</object>
	<object>
		<name>chelsea</name>
		<pose>Unspecified</pose>
		<truncated>0</truncated>
		<difficult>0</difficult>
		<bndbox>
			<xmin>152</xmin>
			<ymin>54</ymin>
			<xmax>237</xmax>
			<ymax>137</ymax>
		</bndbox>
	</object>
</annotation>
