<annotation>
	<folder>images</folder>
	<filename>2Q__ (10).jpg</filename>
	<path>C:\Users\User\Desktop\logo\images\2Q__ (10).jpg</path>
	<source>
		<database>Unknown</database>
	</source>
	<size>
		<width>183</width>
		<height>275</height>
		<depth>3</depth>
	</size>
	<segmented>0</segmented>
	<object>
		<name>barcelona</name>
		<pose>Unspecified</pose>
		<truncated>0</truncated>
		<difficult>0</difficult>
		<bndbox>
			<xmin>8</xmin>
			<ymin>29</ymin>
			<xmax>173</xmax>
			<ymax>200</ymax>
		</bndbox>
	</object>
</annotation>
