<annotation>
	<folder>images</folder>
	<filename>2Q__ (17).jpg</filename>
	<path>C:\Users\User\Desktop\logo\images\2Q__ (17).jpg</path>
	<source>
		<database>Unknown</database>
	</source>
	<size>
		<width>262</width>
		<height>192</height>
		<depth>3</depth>
	</size>
	<segmented>0</segmented>
	<object>
		<name>manchester_united</name>
		<pose>Unspecified</pose>
		<truncated>0</truncated>
		<difficult>0</difficult>
		<bndbox>
			<xmin>26</xmin>
			<ymin>7</ymin>
			<xmax>217</xmax>
			<ymax>172</ymax>
		</bndbox>
	</object>
</annotation>
