<annotation>
	<folder>images</folder>
	<filename>2Q__ (7).jpg</filename>
	<path>C:\Users\User\Desktop\logo\images\2Q__ (7).jpg</path>
	<source>
		<database>Unknown</database>
	</source>
	<size>
		<width>251</width>
		<height>201</height>
		<depth>3</depth>
	</size>
	<segmented>0</segmented>
	<object>
		<name>real_madrid</name>
		<pose>Unspecified</pose>
		<truncated>0</truncated>
		<difficult>0</difficult>
		<bndbox>
			<xmin>77</xmin>
			<ymin>22</ymin>
			<xmax>178</xmax>
			<ymax>157</ymax>
		</bndbox>
	</object>
</annotation>
