<annotation>
	<folder>images</folder>
	<filename>2Q__ (12).jpg</filename>
	<path>C:\Users\User\Desktop\logo\images\2Q__ (12).jpg</path>
	<source>
		<database>Unknown</database>
	</source>
	<size>
		<width>194</width>
		<height>260</height>
		<depth>3</depth>
	</size>
	<segmented>0</segmented>
	<object>
		<name>chelsea</name>
		<pose>Unspecified</pose>
		<truncated>0</truncated>
		<difficult>0</difficult>
		<bndbox>
			<xmin>41</xmin>
			<ymin>50</ymin>
			<xmax>160</xmax>
			<ymax>159</ymax>
		</bndbox>
	</object>
</annotation>
