<annotation>
	<folder>images</folder>
	<filename>54A39vd1P3gAAAAAElFTkSuQmCC.png</filename>
	<path>C:\Users\User\Desktop\logo\images\54A39vd1P3gAAAAAElFTkSuQmCC.png</path>
	<source>
		<database>Unknown</database>
	</source>
	<size>
		<width>300</width>
		<height>168</height>
		<depth>3</depth>
	</size>
	<segmented>0</segmented>
	<object>
		<name>barcelona</name>
		<pose>Unspecified</pose>
		<truncated>1</truncated>
		<difficult>0</difficult>
		<bndbox>
			<xmin>68</xmin>
			<ymin>1</ymin>
			<xmax>233</xmax>
			<ymax>167</ymax>
		</bndbox>
	</object>
</annotation>
