<annotation>
	<folder>images</folder>
	<filename>8AbxHM_EYdJLAAAAAASUVORK5CYII_.png</filename>
	<path>C:\Users\User\Desktop\logo\images\8AbxHM_EYdJLAAAAAASUVORK5CYII_.png</path>
	<source>
		<database>Unknown</database>
	</source>
	<size>
		<width>100</width>
		<height>100</height>
		<depth>3</depth>
	</size>
	<segmented>0</segmented>
	<object>
		<name>real_madrid</name>
		<pose>Unspecified</pose>
		<truncated>0</truncated>
		<difficult>0</difficult>
		<bndbox>
			<xmin>21</xmin>
			<ymin>5</ymin>
			<xmax>80</xmax>
			<ymax>89</ymax>
		</bndbox>
	</object>
</annotation>
