<annotation>
	<folder>images</folder>
	<filename>8Dx0JwyErsr1gAAAAASUVORK5CYII_.png</filename>
	<path>C:\Users\User\Desktop\logo\images\8Dx0JwyErsr1gAAAAASUVORK5CYII_.png</path>
	<source>
		<database>Unknown</database>
	</source>
	<size>
		<width>300</width>
		<height>168</height>
		<depth>3</depth>
	</size>
	<segmented>0</segmented>
	<object>
		<name>real_madrid</name>
		<pose>Unspecified</pose>
		<truncated>1</truncated>
		<difficult>0</difficult>
		<bndbox>
			<xmin>89</xmin>
			<ymin>1</ymin>
			<xmax>210</xmax>
			<ymax>168</ymax>
		</bndbox>
	</object>
</annotation>
