<annotation>
	<folder>images</folder>
	<filename>9auxDXfYDq59WZuQJ5f9iZ7oiZ7oiZ7oiZ7oiVr6f9Pd8Y2vVE7GAAAAAElFTkSuQmCC.png</filename>
	<path>C:\Users\User\Desktop\logo\images\9auxDXfYDq59WZuQJ5f9iZ7oiZ7oiZ7oiZ7oiVr6f9Pd8Y2vVE7GAAAAAElFTkSuQmCC.png</path>
	<source>
		<database>Unknown</database>
	</source>
	<size>
		<width>227</width>
		<height>222</height>
		<depth>3</depth>
	</size>
	<segmented>0</segmented>
	<object>
		<name>real_madrid</name>
		<pose>Unspecified</pose>
		<truncated>0</truncated>
		<difficult>0</difficult>
		<bndbox>
			<xmin>46</xmin>
			<ymin>9</ymin>
			<xmax>180</xmax>
			<ymax>199</ymax>
		</bndbox>
	</object>
</annotation>
