<annotation>
	<folder>images</folder>
	<filename>9k_ (4).jpg</filename>
	<path>C:\Users\User\Desktop\logo\images\9k_ (4).jpg</path>
	<source>
		<database>Unknown</database>
	</source>
	<size>
		<width>225</width>
		<height>225</height>
		<depth>3</depth>
	</size>
	<segmented>0</segmented>
	<object>
		<name>barcelona</name>
		<pose>Unspecified</pose>
		<truncated>0</truncated>
		<difficult>0</difficult>
		<bndbox>
			<xmin>44</xmin>
			<ymin>18</ymin>
			<xmax>208</xmax>
			<ymax>192</ymax>
		</bndbox>
	</object>
</annotation>
