<annotation>
	<folder>images</folder>
	<filename>9k_ (13).jpg</filename>
	<path>C:\Users\User\Desktop\logo\images\9k_ (13).jpg</path>
	<source>
		<database>Unknown</database>
	</source>
	<size>
		<width>259</width>
		<height>194</height>
		<depth>3</depth>
	</size>
	<segmented>0</segmented>
	<object>
		<name>manchester_united</name>
		<pose>Unspecified</pose>
		<truncated>0</truncated>
		<difficult>0</difficult>
		<bndbox>
			<xmin>48</xmin>
			<ymin>18</ymin>
			<xmax>209</xmax>
			<ymax>178</ymax>
		</bndbox>
	</object>
</annotation>
