<annotation>
	<folder>images</folder>
	<filename>9k_ (10).jpg</filename>
	<path>C:\Users\User\Desktop\logo\images\9k_ (10).jpg</path>
	<source>
		<database>Unknown</database>
	</source>
	<size>
		<width>168</width>
		<height>300</height>
		<depth>3</depth>
	</size>
	<segmented>0</segmented>
	<object>
		<name>chelsea</name>
		<pose>Unspecified</pose>
		<truncated>0</truncated>
		<difficult>0</difficult>
		<bndbox>
			<xmin>17</xmin>
			<ymin>83</ymin>
			<xmax>151</xmax>
			<ymax>216</ymax>
		</bndbox>
	</object>
</annotation>
