<annotation>
	<folder>images</folder>
	<filename>9k_ (8).jpg</filename>
	<path>C:\Users\User\Desktop\logo\images\9k_ (8).jpg</path>
	<source>
		<database>Unknown</database>
	</source>
	<size>
		<width>225</width>
		<height>225</height>
		<depth>3</depth>
	</size>
	<segmented>0</segmented>
	<object>
		<name>chelsea</name>
		<pose>Unspecified</pose>
		<truncated>0</truncated>
		<difficult>0</difficult>
		<bndbox>
			<xmin>5</xmin>
			<ymin>3</ymin>
			<xmax>224</xmax>
			<ymax>222</ymax>
		</bndbox>
	</object>
</annotation>
