<annotation>
	<folder>images</folder>
	<filename>9k_ (6).jpg</filename>
	<path>C:\Users\User\Desktop\logo\images\9k_ (6).jpg</path>
	<source>
		<database>Unknown</database>
	</source>
	<size>
		<width>286</width>
		<height>176</height>
		<depth>3</depth>
	</size>
	<segmented>0</segmented>
	<object>
		<name>barcelona</name>
		<pose>Unspecified</pose>
		<truncated>0</truncated>
		<difficult>0</difficult>
		<bndbox>
			<xmin>67</xmin>
			<ymin>35</ymin>
			<xmax>217</xmax>
			<ymax>163</ymax>
		</bndbox>
	</object>
</annotation>
