<annotation>
	<folder>images</folder>
	<filename>9k_ (17).jpg</filename>
	<path>C:\Users\User\Desktop\logo\images\9k_ (17).jpg</path>
	<source>
		<database>Unknown</database>
	</source>
	<size>
		<width>100</width>
		<height>100</height>
		<depth>3</depth>
	</size>
	<segmented>0</segmented>
	<object>
		<name>manchester_united</name>
		<pose>Unspecified</pose>
		<truncated>0</truncated>
		<difficult>0</difficult>
		<bndbox>
			<xmin>4</xmin>
			<ymin>2</ymin>
			<xmax>96</xmax>
			<ymax>88</ymax>
		</bndbox>
	</object>
</annotation>
