<annotation>
	<folder>images</folder>
	<filename>9k_ (15).jpg</filename>
	<path>C:\Users\User\Desktop\logo\images\9k_ (15).jpg</path>
	<source>
		<database>Unknown</database>
	</source>
	<size>
		<width>308</width>
		<height>163</height>
		<depth>3</depth>
	</size>
	<segmented>0</segmented>
	<object>
		<name>manchester_united</name>
		<pose>Unspecified</pose>
		<truncated>0</truncated>
		<difficult>0</difficult>
		<bndbox>
			<xmin>16</xmin>
			<ymin>15</ymin>
			<xmax>136</xmax>
			<ymax>137</ymax>
		</bndbox>
	</object>
</annotation>
