<annotation>
	<folder>images</folder>
	<filename>9k_ (2).jpg</filename>
	<path>C:\Users\User\Desktop\logo\images\9k_ (2).jpg</path>
	<source>
		<database>Unknown</database>
	</source>
	<size>
		<width>262</width>
		<height>192</height>
		<depth>3</depth>
	</size>
	<segmented>0</segmented>
	<object>
		<name>chelsea</name>
		<pose>Unspecified</pose>
		<truncated>0</truncated>
		<difficult>0</difficult>
		<bndbox>
			<xmin>54</xmin>
			<ymin>13</ymin>
			<xmax>210</xmax>
			<ymax>163</ymax>
		</bndbox>
	</object>
</annotation>
