<annotation>
	<folder>images</folder>
	<filename>A_TZnXG2_n2mgAAAABJRU5ErkJggg__.png</filename>
	<path>C:\Users\User\Desktop\logo\images\A_TZnXG2_n2mgAAAABJRU5ErkJggg__.png</path>
	<source>
		<database>Unknown</database>
	</source>
	<size>
		<width>100</width>
		<height>100</height>
		<depth>3</depth>
	</size>
	<segmented>0</segmented>
	<object>
		<name>barcelona</name>
		<pose>Unspecified</pose>
		<truncated>1</truncated>
		<difficult>0</difficult>
		<bndbox>
			<xmin>2</xmin>
			<ymin>1</ymin>
			<xmax>98</xmax>
			<ymax>100</ymax>
		</bndbox>
	</object>
</annotation>
