<annotation>
	<folder>images</folder>
	<filename>CG6sAAAAASUVORK5CYII_.png</filename>
	<path>C:\Users\User\Desktop\logo\images\CG6sAAAAASUVORK5CYII_.png</path>
	<source>
		<database>Unknown</database>
	</source>
	<size>
		<width>272</width>
		<height>185</height>
		<depth>3</depth>
	</size>
	<segmented>0</segmented>
	<object>
		<name>barcelona</name>
		<pose>Unspecified</pose>
		<truncated>0</truncated>
		<difficult>0</difficult>
		<bndbox>
			<xmin>79</xmin>
			<ymin>27</ymin>
			<xmax>193</xmax>
			<ymax>145</ymax>
		</bndbox>
	</object>
</annotation>
