<annotation>
	<folder>images</folder>
	<filename>cGEC_zHk9lXhtPfeW0YlqPteX632VyJVzyqBty83sh1Uae75Y4L_r0NmOdvmji2gcRLFtZtzuYvrfyNI9Bvp4ZvbgSNWGStp_ECo.png</filename>
	<path>C:\Users\User\Desktop\logo\images\cGEC_zHk9lXhtPfeW0YlqPteX632VyJVzyqBty83sh1Uae75Y4L_r0NmOdvmji2gcRLFtZtzuYvrfyNI9Bvp4ZvbgSNWGStp_ECo.png</path>
	<source>
		<database>Unknown</database>
	</source>
	<size>
		<width>300</width>
		<height>168</height>
		<depth>3</depth>
	</size>
	<segmented>0</segmented>
	<object>
		<name>real_madrid</name>
		<pose>Unspecified</pose>
		<truncated>1</truncated>
		<difficult>0</difficult>
		<bndbox>
			<xmin>91</xmin>
			<ymin>1</ymin>
			<xmax>208</xmax>
			<ymax>165</ymax>
		</bndbox>
	</object>
</annotation>
