<annotation>
	<folder>images</folder>
	<filename>eN6fN98KsAAAAASUVORK5CYII_.png</filename>
	<path>C:\Users\User\Desktop\logo\images\eN6fN98KsAAAAASUVORK5CYII_.png</path>
	<source>
		<database>Unknown</database>
	</source>
	<size>
		<width>286</width>
		<height>176</height>
		<depth>3</depth>
	</size>
	<segmented>0</segmented>
	<object>
		<name>barcelona</name>
		<pose>Unspecified</pose>
		<truncated>0</truncated>
		<difficult>0</difficult>
		<bndbox>
			<xmin>100</xmin>
			<ymin>21</ymin>
			<xmax>185</xmax>
			<ymax>106</ymax>
		</bndbox>
	</object>
</annotation>
