<annotation>
	<folder>images</folder>
	<filename>Hxp6AxaVQ40tAAAAAElFTkSuQmCC.png</filename>
	<path>C:\Users\User\Desktop\logo\images\Hxp6AxaVQ40tAAAAAElFTkSuQmCC.png</path>
	<source>
		<database>Unknown</database>
	</source>
	<size>
		<width>223</width>
		<height>226</height>
		<depth>3</depth>
	</size>
	<segmented>0</segmented>
	<object>
		<name>manchester_united</name>
		<pose>Unspecified</pose>
		<truncated>1</truncated>
		<difficult>0</difficult>
		<bndbox>
			<xmin>1</xmin>
			<ymin>1</ymin>
			<xmax>220</xmax>
			<ymax>222</ymax>
		</bndbox>
	</object>
</annotation>
