<annotation>
	<folder>images</folder>
	<filename>i9sv4sl7j_h8A9Qrlp5W2TAAAAABJRU5ErkJggg__.png</filename>
	<path>C:\Users\User\Desktop\logo\images\i9sv4sl7j_h8A9Qrlp5W2TAAAAABJRU5ErkJggg__.png</path>
	<source>
		<database>Unknown</database>
	</source>
	<size>
		<width>190</width>
		<height>266</height>
		<depth>3</depth>
	</size>
	<segmented>0</segmented>
	<object>
		<name>real_madrid</name>
		<pose>Unspecified</pose>
		<truncated>1</truncated>
		<difficult>0</difficult>
		<bndbox>
			<xmin>1</xmin>
			<ymin>1</ymin>
			<xmax>190</xmax>
			<ymax>266</ymax>
		</bndbox>
	</object>
</annotation>
