<annotation>
	<folder>images</folder>
	<filename>images (100).jpg</filename>
	<path>C:\Users\User\Desktop\logo\images\images (100).jpg</path>
	<source>
		<database>Unknown</database>
	</source>
	<size>
		<width>275</width>
		<height>183</height>
		<depth>3</depth>
	</size>
	<segmented>0</segmented>
	<object>
		<name>barcelona</name>
		<pose>Unspecified</pose>
		<truncated>0</truncated>
		<difficult>0</difficult>
		<bndbox>
			<xmin>124</xmin>
			<ymin>6</ymin>
			<xmax>246</xmax>
			<ymax>176</ymax>
		</bndbox>
	</object>
</annotation>
