<annotation>
	<folder>images</folder>
	<filename>images (146).jpg</filename>
	<path>C:\Users\User\Desktop\logo\images\images (146).jpg</path>
	<source>
		<database>Unknown</database>
	</source>
	<size>
		<width>284</width>
		<height>177</height>
		<depth>3</depth>
	</size>
	<segmented>0</segmented>
	<object>
		<name>chelsea</name>
		<pose>Unspecified</pose>
		<truncated>0</truncated>
		<difficult>0</difficult>
		<bndbox>
			<xmin>100</xmin>
			<ymin>47</ymin>
			<xmax>183</xmax>
			<ymax>131</ymax>
		</bndbox>
	</object>
</annotation>
