<annotation>
	<folder>images</folder>
	<filename>images (56).jpg</filename>
	<path>C:\Users\User\Desktop\logo\images\images (56).jpg</path>
	<source>
		<database>Unknown</database>
	</source>
	<size>
		<width>290</width>
		<height>174</height>
		<depth>3</depth>
	</size>
	<segmented>0</segmented>
	<object>
		<name>barcelona</name>
		<pose>Unspecified</pose>
		<truncated>0</truncated>
		<difficult>0</difficult>
		<bndbox>
			<xmin>54</xmin>
			<ymin>23</ymin>
			<xmax>257</xmax>
			<ymax>154</ymax>
		</bndbox>
	</object>
</annotation>
