<annotation>
	<folder>images</folder>
	<filename>images (39).jpg</filename>
	<path>C:\Users\User\Desktop\logo\images\images (39).jpg</path>
	<source>
		<database>Unknown</database>
	</source>
	<size>
		<width>295</width>
		<height>171</height>
		<depth>3</depth>
	</size>
	<segmented>0</segmented>
	<object>
		<name>real_madrid</name>
		<pose>Unspecified</pose>
		<truncated>0</truncated>
		<difficult>0</difficult>
		<bndbox>
			<xmin>16</xmin>
			<ymin>18</ymin>
			<xmax>129</xmax>
			<ymax>157</ymax>
		</bndbox>
	</object>
</annotation>
