<annotation>
	<folder>images</folder>
	<filename>images33.jpg</filename>
	<path>C:\Users\User\Desktop\logo\images\images33.jpg</path>
	<source>
		<database>Unknown</database>
	</source>
	<size>
		<width>267</width>
		<height>189</height>
		<depth>3</depth>
	</size>
	<segmented>0</segmented>
	<object>
		<name>real_madrid</name>
		<pose>Unspecified</pose>
		<truncated>0</truncated>
		<difficult>0</difficult>
		<bndbox>
			<xmin>82</xmin>
			<ymin>44</ymin>
			<xmax>123</xmax>
			<ymax>100</ymax>
		</bndbox>
	</object>
	<object>
		<name>real_madrid</name>
		<pose>Unspecified</pose>
		<truncated>0</truncated>
		<difficult>0</difficult>
		<bndbox>
			<xmin>192</xmin>
			<ymin>7</ymin>
			<xmax>249</xmax>
			<ymax>89</ymax>
		</bndbox>
	</object>
</annotation>
