<annotation>
	<folder>images</folder>
	<filename>images (52).jpg</filename>
	<path>C:\Users\User\Desktop\logo\images\images (52).jpg</path>
	<source>
		<database>Unknown</database>
	</source>
	<size>
		<width>259</width>
		<height>194</height>
		<depth>3</depth>
	</size>
	<segmented>0</segmented>
	<object>
		<name>barcelona</name>
		<pose>Unspecified</pose>
		<truncated>0</truncated>
		<difficult>0</difficult>
		<bndbox>
			<xmin>65</xmin>
			<ymin>32</ymin>
			<xmax>195</xmax>
			<ymax>163</ymax>
		</bndbox>
	</object>
</annotation>
