<annotation>
	<folder>images</folder>
	<filename>images32.jpg</filename>
	<path>C:\Users\User\Desktop\logo\images\images32.jpg</path>
	<source>
		<database>Unknown</database>
	</source>
	<size>
		<width>300</width>
		<height>168</height>
		<depth>3</depth>
	</size>
	<segmented>0</segmented>
	<object>
		<name>real_madrid</name>
		<pose>Unspecified</pose>
		<truncated>0</truncated>
		<difficult>0</difficult>
		<bndbox>
			<xmin>97</xmin>
			<ymin>10</ymin>
			<xmax>203</xmax>
			<ymax>158</ymax>
		</bndbox>
	</object>
</annotation>
