<annotation>
	<folder>images</folder>
	<filename>images44.png</filename>
	<path>C:\Users\User\Desktop\logo\images\images44.png</path>
	<source>
		<database>Unknown</database>
	</source>
	<size>
		<width>356</width>
		<height>141</height>
		<depth>3</depth>
	</size>
	<segmented>0</segmented>
	<object>
		<name>manchester_united</name>
		<pose>Unspecified</pose>
		<truncated>1</truncated>
		<difficult>0</difficult>
		<bndbox>
			<xmin>1</xmin>
			<ymin>6</ymin>
			<xmax>123</xmax>
			<ymax>127</ymax>
		</bndbox>
	</object>
</annotation>
