<annotation>
	<folder>images</folder>
	<filename>images (134).jpg</filename>
	<path>C:\Users\User\Desktop\logo\images\images (134).jpg</path>
	<source>
		<database>Unknown</database>
	</source>
	<size>
		<width>275</width>
		<height>183</height>
		<depth>3</depth>
	</size>
	<segmented>0</segmented>
	<object>
		<name>chelsea</name>
		<pose>Unspecified</pose>
		<truncated>0</truncated>
		<difficult>0</difficult>
		<bndbox>
			<xmin>109</xmin>
			<ymin>76</ymin>
			<xmax>172</xmax>
			<ymax>138</ymax>
		</bndbox>
	</object>
</annotation>
