<annotation>
	<folder>images</folder>
	<filename>images (106).jpg</filename>
	<path>C:\Users\User\Desktop\logo\images\images (106).jpg</path>
	<source>
		<database>Unknown</database>
	</source>
	<size>
		<width>262</width>
		<height>193</height>
		<depth>3</depth>
	</size>
	<segmented>0</segmented>
	<object>
		<name>barcelona</name>
		<pose>Unspecified</pose>
		<truncated>0</truncated>
		<difficult>0</difficult>
		<bndbox>
			<xmin>110</xmin>
			<ymin>60</ymin>
			<xmax>176</xmax>
			<ymax>126</ymax>
		</bndbox>
	</object>
</annotation>
