<annotation>
	<folder>images</folder>
	<filename>images (206).jpg</filename>
	<path>C:\Users\User\Desktop\logo\images\images (206).jpg</path>
	<source>
		<database>Unknown</database>
	</source>
	<size>
		<width>308</width>
		<height>163</height>
		<depth>3</depth>
	</size>
	<segmented>0</segmented>
	<object>
		<name>manchester_united</name>
		<pose>Unspecified</pose>
		<truncated>0</truncated>
		<difficult>0</difficult>
		<bndbox>
			<xmin>168</xmin>
			<ymin>12</ymin>
			<xmax>292</xmax>
			<ymax>137</ymax>
		</bndbox>
	</object>
</annotation>
