<annotation>
	<folder>images</folder>
	<filename>images (159).jpg</filename>
	<path>C:\Users\User\Desktop\logo\images\images (159).jpg</path>
	<source>
		<database>Unknown</database>
	</source>
	<size>
		<width>300</width>
		<height>168</height>
		<depth>3</depth>
	</size>
	<segmented>0</segmented>
	<object>
		<name>chelsea</name>
		<pose>Unspecified</pose>
		<truncated>0</truncated>
		<difficult>0</difficult>
		<bndbox>
			<xmin>29</xmin>
			<ymin>20</ymin>
			<xmax>166</xmax>
			<ymax>161</ymax>
		</bndbox>
	</object>
</annotation>
