<annotation>
	<folder>images</folder>
	<filename>images (198).jpg</filename>
	<path>C:\Users\User\Desktop\logo\images\images (198).jpg</path>
	<source>
		<database>Unknown</database>
	</source>
	<size>
		<width>300</width>
		<height>168</height>
		<depth>3</depth>
	</size>
	<segmented>0</segmented>
	<object>
		<name>manchester_united</name>
		<pose>Unspecified</pose>
		<truncated>0</truncated>
		<difficult>0</difficult>
		<bndbox>
			<xmin>182</xmin>
			<ymin>44</ymin>
			<xmax>289</xmax>
			<ymax>156</ymax>
		</bndbox>
	</object>
</annotation>
