<annotation>
	<folder>images</folder>
	<filename>images (127).jpg</filename>
	<path>C:\Users\User\Desktop\logo\images\images (127).jpg</path>
	<source>
		<database>Unknown</database>
	</source>
	<size>
		<width>300</width>
		<height>168</height>
		<depth>3</depth>
	</size>
	<segmented>0</segmented>
	<object>
		<name>chelsea</name>
		<pose>Unspecified</pose>
		<truncated>0</truncated>
		<difficult>0</difficult>
		<bndbox>
			<xmin>69</xmin>
			<ymin>7</ymin>
			<xmax>228</xmax>
			<ymax>158</ymax>
		</bndbox>
	</object>
</annotation>
