<annotation>
	<folder>images</folder>
	<filename>images (62).jpg</filename>
	<path>C:\Users\User\Desktop\logo\images\images (62).jpg</path>
	<source>
		<database>Unknown</database>
	</source>
	<size>
		<width>100</width>
		<height>100</height>
		<depth>3</depth>
	</size>
	<segmented>0</segmented>
	<object>
		<name>chelsea</name>
		<pose>Unspecified</pose>
		<truncated>0</truncated>
		<difficult>0</difficult>
		<bndbox>
			<xmin>26</xmin>
			<ymin>28</ymin>
			<xmax>74</xmax>
			<ymax>77</ymax>
		</bndbox>
	</object>
</annotation>
