<annotation>
	<folder>images</folder>
	<filename>images9.jpg</filename>
	<path>C:\Users\User\Desktop\logo\images\images9.jpg</path>
	<source>
		<database>Unknown</database>
	</source>
	<size>
		<width>284</width>
		<height>177</height>
		<depth>3</depth>
	</size>
	<segmented>0</segmented>
	<object>
		<name>real_madrid</name>
		<pose>Unspecified</pose>
		<truncated>0</truncated>
		<difficult>0</difficult>
		<bndbox>
			<xmin>121</xmin>
			<ymin>34</ymin>
			<xmax>163</xmax>
			<ymax>95</ymax>
		</bndbox>
	</object>
</annotation>
