<annotation>
	<folder>images</folder>
	<filename>images (59).jpg</filename>
	<path>C:\Users\User\Desktop\logo\images\images (59).jpg</path>
	<source>
		<database>Unknown</database>
	</source>
	<size>
		<width>262</width>
		<height>192</height>
		<depth>3</depth>
	</size>
	<segmented>0</segmented>
	<object>
		<name>barcelona</name>
		<pose>Unspecified</pose>
		<truncated>0</truncated>
		<difficult>0</difficult>
		<bndbox>
			<xmin>26</xmin>
			<ymin>21</ymin>
			<xmax>242</xmax>
			<ymax>175</ymax>
		</bndbox>
	</object>
</annotation>
