<annotation>
	<folder>images</folder>
	<filename>images (215).jpg</filename>
	<path>C:\Users\User\Desktop\logo\images\images (215).jpg</path>
	<source>
		<database>Unknown</database>
	</source>
	<size>
		<width>271</width>
		<height>186</height>
		<depth>3</depth>
	</size>
	<segmented>0</segmented>
	<object>
		<name>manchester_united</name>
		<pose>Unspecified</pose>
		<truncated>0</truncated>
		<difficult>0</difficult>
		<bndbox>
			<xmin>13</xmin>
			<ymin>63</ymin>
			<xmax>103</xmax>
			<ymax>152</ymax>
		</bndbox>
	</object>
	<object>
		<name>chelsea</name>
		<pose>Unspecified</pose>
		<truncated>0</truncated>
		<difficult>0</difficult>
		<bndbox>
			<xmin>98</xmin>
			<ymin>10</ymin>
			<xmax>178</xmax>
			<ymax>87</ymax>
		</bndbox>
	</object>
</annotation>
