<annotation>
	<folder>images</folder>
	<filename>images (16).png</filename>
	<path>C:\Users\User\Desktop\logo\images\images (16).png</path>
	<source>
		<database>Unknown</database>
	</source>
	<size>
		<width>354</width>
		<height>142</height>
		<depth>3</depth>
	</size>
	<segmented>0</segmented>
	<object>
		<name>chelsea</name>
		<pose>Unspecified</pose>
		<truncated>0</truncated>
		<difficult>0</difficult>
		<bndbox>
			<xmin>2</xmin>
			<ymin>3</ymin>
			<xmax>140</xmax>
			<ymax>137</ymax>
		</bndbox>
	</object>
</annotation>
