<annotation>
	<folder>images</folder>
	<filename>images (137).jpg</filename>
	<path>C:\Users\User\Desktop\logo\images\images (137).jpg</path>
	<source>
		<database>Unknown</database>
	</source>
	<size>
		<width>270</width>
		<height>187</height>
		<depth>3</depth>
	</size>
	<segmented>0</segmented>
	<object>
		<name>chelsea</name>
		<pose>Unspecified</pose>
		<truncated>0</truncated>
		<difficult>0</difficult>
		<bndbox>
			<xmin>38</xmin>
			<ymin>10</ymin>
			<xmax>143</xmax>
			<ymax>183</ymax>
		</bndbox>
	</object>
</annotation>
