<annotation>
	<folder>images</folder>
	<filename>images (163).jpg</filename>
	<path>C:\Users\User\Desktop\logo\images\images (163).jpg</path>
	<source>
		<database>Unknown</database>
	</source>
	<size>
		<width>300</width>
		<height>168</height>
		<depth>3</depth>
	</size>
	<segmented>0</segmented>
	<object>
		<name>chelsea</name>
		<pose>Unspecified</pose>
		<truncated>0</truncated>
		<difficult>0</difficult>
		<bndbox>
			<xmin>89</xmin>
			<ymin>43</ymin>
			<xmax>122</xmax>
			<ymax>76</ymax>
		</bndbox>
	</object>
</annotation>
