<annotation>
	<folder>images</folder>
	<filename>images29.jpg</filename>
	<path>C:\Users\User\Desktop\logo\images\images29.jpg</path>
	<source>
		<database>Unknown</database>
	</source>
	<size>
		<width>259</width>
		<height>195</height>
		<depth>3</depth>
	</size>
	<segmented>0</segmented>
	<object>
		<name>real_madrid</name>
		<pose>Unspecified</pose>
		<truncated>0</truncated>
		<difficult>0</difficult>
		<bndbox>
			<xmin>71</xmin>
			<ymin>9</ymin>
			<xmax>190</xmax>
			<ymax>166</ymax>
		</bndbox>
	</object>
</annotation>
