<annotation>
	<folder>images</folder>
	<filename>images (93).jpg</filename>
	<path>C:\Users\User\Desktop\logo\images\images (93).jpg</path>
	<source>
		<database>Unknown</database>
	</source>
	<size>
		<width>284</width>
		<height>177</height>
		<depth>3</depth>
	</size>
	<segmented>0</segmented>
	<object>
		<name>barcelona</name>
		<pose>Unspecified</pose>
		<truncated>0</truncated>
		<difficult>0</difficult>
		<bndbox>
			<xmin>93</xmin>
			<ymin>30</ymin>
			<xmax>190</xmax>
			<ymax>130</ymax>
		</bndbox>
	</object>
</annotation>
