<annotation>
	<folder>images</folder>
	<filename>images (223).jpg</filename>
	<path>C:\Users\User\Desktop\logo\images\images (223).jpg</path>
	<source>
		<database>Unknown</database>
	</source>
	<size>
		<width>223</width>
		<height>226</height>
		<depth>3</depth>
	</size>
	<segmented>0</segmented>
	<object>
		<name>manchester_united</name>
		<pose>Unspecified</pose>
		<truncated>0</truncated>
		<difficult>0</difficult>
		<bndbox>
			<xmin>6</xmin>
			<ymin>6</ymin>
			<xmax>219</xmax>
			<ymax>221</ymax>
		</bndbox>
	</object>
</annotation>
