<annotation>
	<folder>images</folder>
	<filename>images (151).jpg</filename>
	<path>C:\Users\User\Desktop\logo\images\images (151).jpg</path>
	<source>
		<database>Unknown</database>
	</source>
	<size>
		<width>168</width>
		<height>299</height>
		<depth>3</depth>
	</size>
	<segmented>0</segmented>
	<object>
		<name>chelsea</name>
		<pose>Unspecified</pose>
		<truncated>0</truncated>
		<difficult>0</difficult>
		<bndbox>
			<xmin>109</xmin>
			<ymin>30</ymin>
			<xmax>150</xmax>
			<ymax>72</ymax>
		</bndbox>
	</object>
</annotation>
