<annotation>
	<folder>images</folder>
	<filename>images (80).jpg</filename>
	<path>C:\Users\User\Desktop\logo\images\images (80).jpg</path>
	<source>
		<database>Unknown</database>
	</source>
	<size>
		<width>168</width>
		<height>300</height>
		<depth>3</depth>
	</size>
	<segmented>0</segmented>
	<object>
		<name>barcelona</name>
		<pose>Unspecified</pose>
		<truncated>0</truncated>
		<difficult>0</difficult>
		<bndbox>
			<xmin>14</xmin>
			<ymin>78</ymin>
			<xmax>155</xmax>
			<ymax>222</ymax>
		</bndbox>
	</object>
</annotation>
