<annotation>
	<folder>images</folder>
	<filename>images16.jpg</filename>
	<path>C:\Users\User\Desktop\logo\images\images16.jpg</path>
	<source>
		<database>Unknown</database>
	</source>
	<size>
		<width>277</width>
		<height>182</height>
		<depth>3</depth>
	</size>
	<segmented>0</segmented>
	<object>
		<name>real_madrid</name>
		<pose>Unspecified</pose>
		<truncated>0</truncated>
		<difficult>0</difficult>
		<bndbox>
			<xmin>156</xmin>
			<ymin>8</ymin>
			<xmax>245</xmax>
			<ymax>105</ymax>
		</bndbox>
	</object>
</annotation>
