<annotation>
	<folder>images</folder>
	<filename>images (126).jpg</filename>
	<path>C:\Users\User\Desktop\logo\images\images (126).jpg</path>
	<source>
		<database>Unknown</database>
	</source>
	<size>
		<width>266</width>
		<height>189</height>
		<depth>3</depth>
	</size>
	<segmented>0</segmented>
	<object>
		<name>chelsea</name>
		<pose>Unspecified</pose>
		<truncated>0</truncated>
		<difficult>0</difficult>
		<bndbox>
			<xmin>64</xmin>
			<ymin>35</ymin>
			<xmax>229</xmax>
			<ymax>181</ymax>
		</bndbox>
	</object>
</annotation>
