<annotation>
	<folder>images</folder>
	<filename>images (84).jpg</filename>
	<path>C:\Users\User\Desktop\logo\images\images (84).jpg</path>
	<source>
		<database>Unknown</database>
	</source>
	<size>
		<width>207</width>
		<height>243</height>
		<depth>3</depth>
	</size>
	<segmented>0</segmented>
	<object>
		<name>chelsea</name>
		<pose>Unspecified</pose>
		<truncated>0</truncated>
		<difficult>0</difficult>
		<bndbox>
			<xmin>34</xmin>
			<ymin>21</ymin>
			<xmax>174</xmax>
			<ymax>162</ymax>
		</bndbox>
	</object>
</annotation>
