<annotation>
	<folder>images</folder>
	<filename>images (98).jpg</filename>
	<path>C:\Users\User\Desktop\logo\images\images (98).jpg</path>
	<source>
		<database>Unknown</database>
	</source>
	<size>
		<width>275</width>
		<height>183</height>
		<depth>3</depth>
	</size>
	<segmented>0</segmented>
	<object>
		<name>real_madrid</name>
		<pose>Unspecified</pose>
		<truncated>0</truncated>
		<difficult>0</difficult>
		<bndbox>
			<xmin>11</xmin>
			<ymin>44</ymin>
			<xmax>100</xmax>
			<ymax>168</ymax>
		</bndbox>
	</object>
	<object>
		<name>barcelona</name>
		<pose>Unspecified</pose>
		<truncated>0</truncated>
		<difficult>0</difficult>
		<bndbox>
			<xmin>179</xmin>
			<ymin>63</ymin>
			<xmax>266</xmax>
			<ymax>171</ymax>
		</bndbox>
	</object>
</annotation>
