<annotation>
	<folder>images</folder>
	<filename>images (128).jpg</filename>
	<path>C:\Users\User\Desktop\logo\images\images (128).jpg</path>
	<source>
		<database>Unknown</database>
	</source>
	<size>
		<width>299</width>
		<height>168</height>
		<depth>3</depth>
	</size>
	<segmented>0</segmented>
	<object>
		<name>chelsea</name>
		<pose>Unspecified</pose>
		<truncated>0</truncated>
		<difficult>0</difficult>
		<bndbox>
			<xmin>79</xmin>
			<ymin>12</ymin>
			<xmax>232</xmax>
			<ymax>159</ymax>
		</bndbox>
	</object>
</annotation>
