<annotation>
	<folder>images</folder>
	<filename>images15.jpg</filename>
	<path>C:\Users\User\Desktop\logo\images\images15.jpg</path>
	<source>
		<database>Unknown</database>
	</source>
	<size>
		<width>259</width>
		<height>194</height>
		<depth>3</depth>
	</size>
	<segmented>0</segmented>
	<object>
		<name>real_madrid</name>
		<pose>Unspecified</pose>
		<truncated>0</truncated>
		<difficult>0</difficult>
		<bndbox>
			<xmin>95</xmin>
			<ymin>32</ymin>
			<xmax>162</xmax>
			<ymax>124</ymax>
		</bndbox>
	</object>
</annotation>
