<annotation>
	<folder>images</folder>
	<filename>images (101).jpg</filename>
	<path>C:\Users\User\Desktop\logo\images\images (101).jpg</path>
	<source>
		<database>Unknown</database>
	</source>
	<size>
		<width>225</width>
		<height>225</height>
		<depth>3</depth>
	</size>
	<segmented>0</segmented>
	<object>
		<name>barcelona</name>
		<pose>Unspecified</pose>
		<truncated>0</truncated>
		<difficult>0</difficult>
		<bndbox>
			<xmin>70</xmin>
			<ymin>63</ymin>
			<xmax>160</xmax>
			<ymax>153</ymax>
		</bndbox>
	</object>
</annotation>
