<annotation>
	<folder>images</folder>
	<filename>images (82).jpg</filename>
	<path>C:\Users\User\Desktop\logo\images\images (82).jpg</path>
	<source>
		<database>Unknown</database>
	</source>
	<size>
		<width>251</width>
		<height>201</height>
		<depth>3</depth>
	</size>
	<segmented>0</segmented>
	<object>
		<name>barcelona</name>
		<pose>Unspecified</pose>
		<truncated>0</truncated>
		<difficult>0</difficult>
		<bndbox>
			<xmin>89</xmin>
			<ymin>67</ymin>
			<xmax>162</xmax>
			<ymax>136</ymax>
		</bndbox>
	</object>
</annotation>
