<annotation>
	<folder>images</folder>
	<filename>images (28).png</filename>
	<path>C:\Users\User\Desktop\logo\images\images (28).png</path>
	<source>
		<database>Unknown</database>
	</source>
	<size>
		<width>290</width>
		<height>174</height>
		<depth>3</depth>
	</size>
	<segmented>0</segmented>
	<object>
		<name>chelsea</name>
		<pose>Unspecified</pose>
		<truncated>0</truncated>
		<difficult>0</difficult>
		<bndbox>
			<xmin>30</xmin>
			<ymin>45</ymin>
			<xmax>114</xmax>
			<ymax>129</ymax>
		</bndbox>
	</object>
	<object>
		<name>chelsea</name>
		<pose>Unspecified</pose>
		<truncated>0</truncated>
		<difficult>0</difficult>
		<bndbox>
			<xmin>175</xmin>
			<ymin>45</ymin>
			<xmax>260</xmax>
			<ymax>128</ymax>
		</bndbox>
	</object>
</annotation>
