<annotation>
	<folder>images</folder>
	<filename>images (152).jpg</filename>
	<path>C:\Users\User\Desktop\logo\images\images (152).jpg</path>
	<source>
		<database>Unknown</database>
	</source>
	<size>
		<width>298</width>
		<height>169</height>
		<depth>3</depth>
	</size>
	<segmented>0</segmented>
	<object>
		<name>chelsea</name>
		<pose>Unspecified</pose>
		<truncated>0</truncated>
		<difficult>0</difficult>
		<bndbox>
			<xmin>66</xmin>
			<ymin>43</ymin>
			<xmax>159</xmax>
			<ymax>121</ymax>
		</bndbox>
	</object>
</annotation>
