<annotation>
	<folder>images</folder>
	<filename>images (11).png</filename>
	<path>C:\Users\User\Desktop\logo\images\images (11).png</path>
	<source>
		<database>Unknown</database>
	</source>
	<size>
		<width>259</width>
		<height>194</height>
		<depth>3</depth>
	</size>
	<segmented>0</segmented>
	<object>
		<name>real_madrid</name>
		<pose>Unspecified</pose>
		<truncated>0</truncated>
		<difficult>0</difficult>
		<bndbox>
			<xmin>90</xmin>
			<ymin>19</ymin>
			<xmax>169</xmax>
			<ymax>129</ymax>
		</bndbox>
	</object>
</annotation>
