<annotation>
	<folder>images</folder>
	<filename>images (113).jpg</filename>
	<path>C:\Users\User\Desktop\logo\images\images (113).jpg</path>
	<source>
		<database>Unknown</database>
	</source>
	<size>
		<width>100</width>
		<height>100</height>
		<depth>3</depth>
	</size>
	<segmented>0</segmented>
	<object>
		<name>chelsea</name>
		<pose>Unspecified</pose>
		<truncated>0</truncated>
		<difficult>0</difficult>
		<bndbox>
			<xmin>20</xmin>
			<ymin>3</ymin>
			<xmax>82</xmax>
			<ymax>65</ymax>
		</bndbox>
	</object>
</annotation>
