<annotation>
	<folder>images</folder>
	<filename>images22.jpg</filename>
	<path>C:\Users\User\Desktop\logo\images\images22.jpg</path>
	<source>
		<database>Unknown</database>
	</source>
	<size>
		<width>299</width>
		<height>168</height>
		<depth>3</depth>
	</size>
	<segmented>0</segmented>
	<object>
		<name>real_madrid</name>
		<pose>Unspecified</pose>
		<truncated>0</truncated>
		<difficult>0</difficult>
		<bndbox>
			<xmin>51</xmin>
			<ymin>49</ymin>
			<xmax>125</xmax>
			<ymax>150</ymax>
		</bndbox>
	</object>
	<object>
		<name>chelsea</name>
		<pose>Unspecified</pose>
		<truncated>0</truncated>
		<difficult>0</difficult>
		<bndbox>
			<xmin>170</xmin>
			<ymin>56</ymin>
			<xmax>262</xmax>
			<ymax>146</ymax>
		</bndbox>
	</object>
</annotation>
