<annotation>
	<folder>images</folder>
	<filename>images (66).jpg</filename>
	<path>C:\Users\User\Desktop\logo\images\images (66).jpg</path>
	<source>
		<database>Unknown</database>
	</source>
	<size>
		<width>277</width>
		<height>182</height>
		<depth>3</depth>
	</size>
	<segmented>0</segmented>
	<object>
		<name>real_madrid</name>
		<pose>Unspecified</pose>
		<truncated>0</truncated>
		<difficult>0</difficult>
		<bndbox>
			<xmin>5</xmin>
			<ymin>12</ymin>
			<xmax>107</xmax>
			<ymax>155</ymax>
		</bndbox>
	</object>
	<object>
		<name>barcelona</name>
		<pose>Unspecified</pose>
		<truncated>0</truncated>
		<difficult>0</difficult>
		<bndbox>
			<xmin>118</xmin>
			<ymin>18</ymin>
			<xmax>268</xmax>
			<ymax>165</ymax>
		</bndbox>
	</object>
</annotation>
