<annotation>
	<folder>images</folder>
	<filename>images (145).jpg</filename>
	<path>C:\Users\User\Desktop\logo\images\images (145).jpg</path>
	<source>
		<database>Unknown</database>
	</source>
	<size>
		<width>262</width>
		<height>192</height>
		<depth>3</depth>
	</size>
	<segmented>0</segmented>
	<object>
		<name>chelsea</name>
		<pose>Unspecified</pose>
		<truncated>0</truncated>
		<difficult>0</difficult>
		<bndbox>
			<xmin>124</xmin>
			<ymin>64</ymin>
			<xmax>249</xmax>
			<ymax>147</ymax>
		</bndbox>
	</object>
</annotation>
