<annotation>
	<folder>images</folder>
	<filename>images (169).jpg</filename>
	<path>C:\Users\User\Desktop\logo\images\images (169).jpg</path>
	<source>
		<database>Unknown</database>
	</source>
	<size>
		<width>275</width>
		<height>184</height>
		<depth>3</depth>
	</size>
	<segmented>0</segmented>
	<object>
		<name>real_madrid</name>
		<pose>Unspecified</pose>
		<truncated>0</truncated>
		<difficult>0</difficult>
		<bndbox>
			<xmin>25</xmin>
			<ymin>27</ymin>
			<xmax>127</xmax>
			<ymax>155</ymax>
		</bndbox>
	</object>
	<object>
		<name>chelsea</name>
		<pose>Unspecified</pose>
		<truncated>0</truncated>
		<difficult>0</difficult>
		<bndbox>
			<xmin>133</xmin>
			<ymin>33</ymin>
			<xmax>256</xmax>
			<ymax>156</ymax>
		</bndbox>
	</object>
</annotation>
