<annotation>
	<folder>images</folder>
	<filename>images (12).png</filename>
	<path>C:\Users\User\Desktop\logo\images\images (12).png</path>
	<source>
		<database>Unknown</database>
	</source>
	<size>
		<width>200</width>
		<height>200</height>
		<depth>3</depth>
	</size>
	<segmented>0</segmented>
	<object>
		<name>real_madrid</name>
		<pose>Unspecified</pose>
		<truncated>0</truncated>
		<difficult>0</difficult>
		<bndbox>
			<xmin>7</xmin>
			<ymin>7</ymin>
			<xmax>194</xmax>
			<ymax>194</ymax>
		</bndbox>
	</object>
</annotation>
