<annotation>
	<folder>images</folder>
	<filename>images (107).jpg</filename>
	<path>C:\Users\User\Desktop\logo\images\images (107).jpg</path>
	<source>
		<database>Unknown</database>
	</source>
	<size>
		<width>300</width>
		<height>168</height>
		<depth>3</depth>
	</size>
	<segmented>0</segmented>
	<object>
		<name>barcelona</name>
		<pose>Unspecified</pose>
		<truncated>0</truncated>
		<difficult>0</difficult>
		<bndbox>
			<xmin>149</xmin>
			<ymin>45</ymin>
			<xmax>180</xmax>
			<ymax>78</ymax>
		</bndbox>
	</object>
	<object>
		<name>real_madrid</name>
		<pose>Unspecified</pose>
		<truncated>0</truncated>
		<difficult>0</difficult>
		<bndbox>
			<xmin>196</xmin>
			<ymin>89</ymin>
			<xmax>222</xmax>
			<ymax>123</ymax>
		</bndbox>
	</object>
</annotation>
