<annotation>
	<folder>images</folder>
	<filename>images (222).jpg</filename>
	<path>C:\Users\User\Desktop\logo\images\images (222).jpg</path>
	<source>
		<database>Unknown</database>
	</source>
	<size>
		<width>224</width>
		<height>225</height>
		<depth>3</depth>
	</size>
	<segmented>0</segmented>
	<object>
		<name>manchester_united</name>
		<pose>Unspecified</pose>
		<truncated>0</truncated>
		<difficult>0</difficult>
		<bndbox>
			<xmin>2</xmin>
			<ymin>4</ymin>
			<xmax>221</xmax>
			<ymax>222</ymax>
		</bndbox>
	</object>
</annotation>
