<annotation>
	<folder>images</folder>
	<filename>images14.jpg</filename>
	<path>C:\Users\User\Desktop\logo\images\images14.jpg</path>
	<source>
		<database>Unknown</database>
	</source>
	<size>
		<width>168</width>
		<height>300</height>
		<depth>3</depth>
	</size>
	<segmented>0</segmented>
	<object>
		<name>real_madrid</name>
		<pose>Unspecified</pose>
		<truncated>0</truncated>
		<difficult>0</difficult>
		<bndbox>
			<xmin>47</xmin>
			<ymin>137</ymin>
			<xmax>121</xmax>
			<ymax>241</ymax>
		</bndbox>
	</object>
</annotation>
