<annotation>
	<folder>images</folder>
	<filename>images (189).jpg</filename>
	<path>C:\Users\User\Desktop\logo\images\images (189).jpg</path>
	<source>
		<database>Unknown</database>
	</source>
	<size>
		<width>183</width>
		<height>275</height>
		<depth>3</depth>
	</size>
	<segmented>0</segmented>
	<object>
		<name>manchester_united</name>
		<pose>Unspecified</pose>
		<truncated>0</truncated>
		<difficult>0</difficult>
		<bndbox>
			<xmin>4</xmin>
			<ymin>46</ymin>
			<xmax>180</xmax>
			<ymax>227</ymax>
		</bndbox>
	</object>
</annotation>
