<annotation>
	<folder>images</folder>
	<filename>images (7).png</filename>
	<path>C:\Users\User\Desktop\logo\images\images (7).png</path>
	<source>
		<database>Unknown</database>
	</source>
	<size>
		<width>225</width>
		<height>225</height>
		<depth>3</depth>
	</size>
	<segmented>0</segmented>
	<object>
		<name>real_madrid</name>
		<pose>Unspecified</pose>
		<truncated>0</truncated>
		<difficult>0</difficult>
		<bndbox>
			<xmin>36</xmin>
			<ymin>7</ymin>
			<xmax>187</xmax>
			<ymax>219</ymax>
		</bndbox>
	</object>
</annotation>
