<annotation>
	<folder>images</folder>
	<filename>images11.jpg</filename>
	<path>C:\Users\User\Desktop\logo\images\images11.jpg</path>
	<source>
		<database>Unknown</database>
	</source>
	<size>
		<width>168</width>
		<height>299</height>
		<depth>3</depth>
	</size>
	<segmented>0</segmented>
	<object>
		<name>real_madrid</name>
		<pose>Unspecified</pose>
		<truncated>0</truncated>
		<difficult>0</difficult>
		<bndbox>
			<xmin>30</xmin>
			<ymin>43</ymin>
			<xmax>136</xmax>
			<ymax>193</ymax>
		</bndbox>
	</object>
</annotation>
