<annotation>
	<folder>images</folder>
	<filename>images (43).jpg</filename>
	<path>C:\Users\User\Desktop\logo\images\images (43).jpg</path>
	<source>
		<database>Unknown</database>
	</source>
	<size>
		<width>252</width>
		<height>200</height>
		<depth>3</depth>
	</size>
	<segmented>0</segmented>
	<object>
		<name>real_madrid</name>
		<pose>Unspecified</pose>
		<truncated>0</truncated>
		<difficult>0</difficult>
		<bndbox>
			<xmin>59</xmin>
			<ymin>4</ymin>
			<xmax>195</xmax>
			<ymax>194</ymax>
		</bndbox>
	</object>
</annotation>
