<annotation>
	<folder>images</folder>
	<filename>images (219).jpg</filename>
	<path>C:\Users\User\Desktop\logo\images\images (219).jpg</path>
	<source>
		<database>Unknown</database>
	</source>
	<size>
		<width>218</width>
		<height>231</height>
		<depth>3</depth>
	</size>
	<segmented>0</segmented>
	<object>
		<name>manchester_united</name>
		<pose>Unspecified</pose>
		<truncated>0</truncated>
		<difficult>0</difficult>
		<bndbox>
			<xmin>18</xmin>
			<ymin>33</ymin>
			<xmax>200</xmax>
			<ymax>221</ymax>
		</bndbox>
	</object>
</annotation>
