<annotation>
	<folder>images</folder>
	<filename>images (95).jpg</filename>
	<path>C:\Users\User\Desktop\logo\images\images (95).jpg</path>
	<source>
		<database>Unknown</database>
	</source>
	<size>
		<width>288</width>
		<height>175</height>
		<depth>3</depth>
	</size>
	<segmented>0</segmented>
	<object>
		<name>barcelona</name>
		<pose>Unspecified</pose>
		<truncated>0</truncated>
		<difficult>0</difficult>
		<bndbox>
			<xmin>131</xmin>
			<ymin>16</ymin>
			<xmax>275</xmax>
			<ymax>157</ymax>
		</bndbox>
	</object>
</annotation>
