<annotation>
	<folder>images</folder>
	<filename>images26.jpg</filename>
	<path>C:\Users\User\Desktop\logo\images\images26.jpg</path>
	<source>
		<database>Unknown</database>
	</source>
	<size>
		<width>275</width>
		<height>183</height>
		<depth>3</depth>
	</size>
	<segmented>0</segmented>
	<object>
		<name>real_madrid</name>
		<pose>Unspecified</pose>
		<truncated>0</truncated>
		<difficult>0</difficult>
		<bndbox>
			<xmin>9</xmin>
			<ymin>10</ymin>
			<xmax>271</xmax>
			<ymax>166</ymax>
		</bndbox>
	</object>
</annotation>
