<annotation>
	<folder>images</folder>
	<filename>images24.jpg</filename>
	<path>C:\Users\User\Desktop\logo\images\images24.jpg</path>
	<source>
		<database>Unknown</database>
	</source>
	<size>
		<width>191</width>
		<height>264</height>
		<depth>1</depth>
	</size>
	<segmented>0</segmented>
	<object>
		<name>real_madrid</name>
		<pose>Unspecified</pose>
		<truncated>1</truncated>
		<difficult>0</difficult>
		<bndbox>
			<xmin>2</xmin>
			<ymin>2</ymin>
			<xmax>191</xmax>
			<ymax>264</ymax>
		</bndbox>
	</object>
</annotation>
