<annotation>
	<folder>images</folder>
	<filename>images (195).jpg</filename>
	<path>C:\Users\User\Desktop\logo\images\images (195).jpg</path>
	<source>
		<database>Unknown</database>
	</source>
	<size>
		<width>100</width>
		<height>100</height>
		<depth>3</depth>
	</size>
	<segmented>0</segmented>
	<object>
		<name>chelsea</name>
		<pose>Unspecified</pose>
		<truncated>0</truncated>
		<difficult>0</difficult>
		<bndbox>
			<xmin>15</xmin>
			<ymin>13</ymin>
			<xmax>91</xmax>
			<ymax>86</ymax>
		</bndbox>
	</object>
</annotation>
