<annotation>
	<folder>images</folder>
	<filename>images37.jpg</filename>
	<path>C:\Users\User\Desktop\logo\images\images37.jpg</path>
	<source>
		<database>Unknown</database>
	</source>
	<size>
		<width>275</width>
		<height>183</height>
		<depth>3</depth>
	</size>
	<segmented>0</segmented>
	<object>
		<name>chelsea</name>
		<pose>Unspecified</pose>
		<truncated>0</truncated>
		<difficult>0</difficult>
		<bndbox>
			<xmin>104</xmin>
			<ymin>15</ymin>
			<xmax>236</xmax>
			<ymax>175</ymax>
		</bndbox>
	</object>
</annotation>
