<annotation>
	<folder>images</folder>
	<filename>images (123).jpg</filename>
	<path>C:\Users\User\Desktop\logo\images\images (123).jpg</path>
	<source>
		<database>Unknown</database>
	</source>
	<size>
		<width>256</width>
		<height>197</height>
		<depth>3</depth>
	</size>
	<segmented>0</segmented>
	<object>
		<name>chelsea</name>
		<pose>Unspecified</pose>
		<truncated>0</truncated>
		<difficult>0</difficult>
		<bndbox>
			<xmin>61</xmin>
			<ymin>27</ymin>
			<xmax>198</xmax>
			<ymax>154</ymax>
		</bndbox>
	</object>
</annotation>
