<annotation>
	<folder>images</folder>
	<filename>images (50).jpg</filename>
	<path>C:\Users\User\Desktop\logo\images\images (50).jpg</path>
	<source>
		<database>Unknown</database>
	</source>
	<size>
		<width>251</width>
		<height>201</height>
		<depth>3</depth>
	</size>
	<segmented>0</segmented>
	<object>
		<name>barcelona</name>
		<pose>Unspecified</pose>
		<truncated>0</truncated>
		<difficult>0</difficult>
		<bndbox>
			<xmin>68</xmin>
			<ymin>43</ymin>
			<xmax>183</xmax>
			<ymax>158</ymax>
		</bndbox>
	</object>
</annotation>
