<annotation>
	<folder>images</folder>
	<filename>images (9).png</filename>
	<path>C:\Users\User\Desktop\logo\images\images (9).png</path>
	<source>
		<database>Unknown</database>
	</source>
	<size>
		<width>190</width>
		<height>266</height>
		<depth>3</depth>
	</size>
	<segmented>0</segmented>
	<object>
		<name>real_madrid</name>
		<pose>Unspecified</pose>
		<truncated>0</truncated>
		<difficult>0</difficult>
		<bndbox>
			<xmin>4</xmin>
			<ymin>8</ymin>
			<xmax>185</xmax>
			<ymax>258</ymax>
		</bndbox>
	</object>
</annotation>
