<annotation>
	<folder>images</folder>
	<filename>images28.jpg</filename>
	<path>C:\Users\User\Desktop\logo\images\images28.jpg</path>
	<source>
		<database>Unknown</database>
	</source>
	<size>
		<width>300</width>
		<height>168</height>
		<depth>1</depth>
	</size>
	<segmented>0</segmented>
	<object>
		<name>real_madrid</name>
		<pose>Unspecified</pose>
		<truncated>0</truncated>
		<difficult>0</difficult>
		<bndbox>
			<xmin>95</xmin>
			<ymin>8</ymin>
			<xmax>205</xmax>
			<ymax>161</ymax>
		</bndbox>
	</object>
</annotation>
