<annotation>
	<folder>images</folder>
	<filename>images (48).jpg</filename>
	<path>C:\Users\User\Desktop\logo\images\images (48).jpg</path>
	<source>
		<database>Unknown</database>
	</source>
	<size>
		<width>168</width>
		<height>299</height>
		<depth>3</depth>
	</size>
	<segmented>0</segmented>
	<object>
		<name>barcelona</name>
		<pose>Unspecified</pose>
		<truncated>0</truncated>
		<difficult>0</difficult>
		<bndbox>
			<xmin>38</xmin>
			<ymin>104</ymin>
			<xmax>131</xmax>
			<ymax>195</ymax>
		</bndbox>
	</object>
</annotation>
