<annotation>
	<folder>images</folder>
	<filename>images (193).jpg</filename>
	<path>C:\Users\User\Desktop\logo\images\images (193).jpg</path>
	<source>
		<database>Unknown</database>
	</source>
	<size>
		<width>275</width>
		<height>183</height>
		<depth>3</depth>
	</size>
	<segmented>0</segmented>
	<object>
		<name>manchester_united</name>
		<pose>Unspecified</pose>
		<truncated>0</truncated>
		<difficult>0</difficult>
		<bndbox>
			<xmin>60</xmin>
			<ymin>11</ymin>
			<xmax>204</xmax>
			<ymax>166</ymax>
		</bndbox>
	</object>
</annotation>
