<annotation>
	<folder>images</folder>
	<filename>images (218).jpg</filename>
	<path>C:\Users\User\Desktop\logo\images\images (218).jpg</path>
	<source>
		<database>Unknown</database>
	</source>
	<size>
		<width>265</width>
		<height>190</height>
		<depth>3</depth>
	</size>
	<segmented>0</segmented>
	<object>
		<name>manchester_united</name>
		<pose>Unspecified</pose>
		<truncated>0</truncated>
		<difficult>0</difficult>
		<bndbox>
			<xmin>77</xmin>
			<ymin>33</ymin>
			<xmax>182</xmax>
			<ymax>141</ymax>
		</bndbox>
	</object>
</annotation>
