<annotation>
	<folder>images</folder>
	<filename>images (196).jpg</filename>
	<path>C:\Users\User\Desktop\logo\images\images (196).jpg</path>
	<source>
		<database>Unknown</database>
	</source>
	<size>
		<width>289</width>
		<height>175</height>
		<depth>3</depth>
	</size>
	<segmented>0</segmented>
	<object>
		<name>manchester_united</name>
		<pose>Unspecified</pose>
		<truncated>0</truncated>
		<difficult>0</difficult>
		<bndbox>
			<xmin>108</xmin>
			<ymin>17</ymin>
			<xmax>236</xmax>
			<ymax>151</ymax>
		</bndbox>
	</object>
</annotation>
