<annotation>
	<folder>images</folder>
	<filename>images (20).png</filename>
	<path>C:\Users\User\Desktop\logo\images\images (20).png</path>
	<source>
		<database>Unknown</database>
	</source>
	<size>
		<width>300</width>
		<height>168</height>
		<depth>3</depth>
	</size>
	<segmented>0</segmented>
	<object>
		<name>barcelona</name>
		<pose>Unspecified</pose>
		<truncated>1</truncated>
		<difficult>0</difficult>
		<bndbox>
			<xmin>72</xmin>
			<ymin>2</ymin>
			<xmax>230</xmax>
			<ymax>168</ymax>
		</bndbox>
	</object>
</annotation>
