<annotation>
	<folder>images</folder>
	<filename>images (157).jpg</filename>
	<path>C:\Users\User\Desktop\logo\images\images (157).jpg</path>
	<source>
		<database>Unknown</database>
	</source>
	<size>
		<width>275</width>
		<height>183</height>
		<depth>3</depth>
	</size>
	<segmented>0</segmented>
	<object>
		<name>barcelona</name>
		<pose>Unspecified</pose>
		<truncated>1</truncated>
		<difficult>0</difficult>
		<bndbox>
			<xmin>1</xmin>
			<ymin>113</ymin>
			<xmax>52</xmax>
			<ymax>162</ymax>
		</bndbox>
	</object>
	<object>
		<name>chelsea</name>
		<pose>Unspecified</pose>
		<truncated>1</truncated>
		<difficult>0</difficult>
		<bndbox>
			<xmin>218</xmin>
			<ymin>121</ymin>
			<xmax>275</xmax>
			<ymax>176</ymax>
		</bndbox>
	</object>
	<object>
		<name>real_madrid</name>
		<pose>Unspecified</pose>
		<truncated>1</truncated>
		<difficult>0</difficult>
		<bndbox>
			<xmin>1</xmin>
			<ymin>73</ymin>
			<xmax>36</xmax>
			<ymax>117</ymax>
		</bndbox>
	</object>
</annotation>
