<annotation>
	<folder>images</folder>
	<filename>images (203).jpg</filename>
	<path>C:\Users\User\Desktop\logo\images\images (203).jpg</path>
	<source>
		<database>Unknown</database>
	</source>
	<size>
		<width>275</width>
		<height>183</height>
		<depth>3</depth>
	</size>
	<segmented>0</segmented>
	<object>
		<name>manchester_united</name>
		<pose>Unspecified</pose>
		<truncated>0</truncated>
		<difficult>0</difficult>
		<bndbox>
			<xmin>57</xmin>
			<ymin>11</ymin>
			<xmax>224</xmax>
			<ymax>173</ymax>
		</bndbox>
	</object>
</annotation>
