<annotation>
	<folder>images</folder>
	<filename>images (99).jpg</filename>
	<path>C:\Users\User\Desktop\logo\images\images (99).jpg</path>
	<source>
		<database>Unknown</database>
	</source>
	<size>
		<width>261</width>
		<height>193</height>
		<depth>3</depth>
	</size>
	<segmented>0</segmented>
	<object>
		<name>barcelona</name>
		<pose>Unspecified</pose>
		<truncated>0</truncated>
		<difficult>0</difficult>
		<bndbox>
			<xmin>55</xmin>
			<ymin>42</ymin>
			<xmax>254</xmax>
			<ymax>169</ymax>
		</bndbox>
	</object>
</annotation>
