<annotation>
	<folder>images</folder>
	<filename>images (136).jpg</filename>
	<path>C:\Users\User\Desktop\logo\images\images (136).jpg</path>
	<source>
		<database>Unknown</database>
	</source>
	<size>
		<width>285</width>
		<height>177</height>
		<depth>3</depth>
	</size>
	<segmented>0</segmented>
	<object>
		<name>chelsea</name>
		<pose>Unspecified</pose>
		<truncated>0</truncated>
		<difficult>0</difficult>
		<bndbox>
			<xmin>104</xmin>
			<ymin>53</ymin>
			<xmax>177</xmax>
			<ymax>128</ymax>
		</bndbox>
	</object>
</annotation>
