<annotation>
	<folder>images</folder>
	<filename>images (172).jpg</filename>
	<path>C:\Users\User\Desktop\logo\images\images (172).jpg</path>
	<source>
		<database>Unknown</database>
	</source>
	<size>
		<width>259</width>
		<height>194</height>
		<depth>3</depth>
	</size>
	<segmented>0</segmented>
	<object>
		<name>chelsea</name>
		<pose>Unspecified</pose>
		<truncated>0</truncated>
		<difficult>0</difficult>
		<bndbox>
			<xmin>108</xmin>
			<ymin>112</ymin>
			<xmax>126</xmax>
			<ymax>131</ymax>
		</bndbox>
	</object>
</annotation>
