<annotation>
	<folder>images</folder>
	<filename>images (150).jpg</filename>
	<path>C:\Users\User\Desktop\logo\images\images (150).jpg</path>
	<source>
		<database>Unknown</database>
	</source>
	<size>
		<width>259</width>
		<height>194</height>
		<depth>3</depth>
	</size>
	<segmented>0</segmented>
	<object>
		<name>chelsea</name>
		<pose>Unspecified</pose>
		<truncated>0</truncated>
		<difficult>0</difficult>
		<bndbox>
			<xmin>73</xmin>
			<ymin>7</ymin>
			<xmax>191</xmax>
			<ymax>125</ymax>
		</bndbox>
	</object>
</annotation>
