<annotation>
	<folder>images</folder>
	<filename>images (184).jpg</filename>
	<path>C:\Users\User\Desktop\logo\images\images (184).jpg</path>
	<source>
		<database>Unknown</database>
	</source>
	<size>
		<width>354</width>
		<height>142</height>
		<depth>3</depth>
	</size>
	<segmented>0</segmented>
	<object>
		<name>manchester_united</name>
		<pose>Unspecified</pose>
		<truncated>0</truncated>
		<difficult>0</difficult>
		<bndbox>
			<xmin>63</xmin>
			<ymin>8</ymin>
			<xmax>293</xmax>
			<ymax>134</ymax>
		</bndbox>
	</object>
</annotation>
