<annotation>
	<folder>images</folder>
	<filename>images (38).jpg</filename>
	<path>C:\Users\User\Desktop\logo\images\images (38).jpg</path>
	<source>
		<database>Unknown</database>
	</source>
	<size>
		<width>270</width>
		<height>187</height>
		<depth>3</depth>
	</size>
	<segmented>0</segmented>
	<object>
		<name>real_madrid</name>
		<pose>Unspecified</pose>
		<truncated>0</truncated>
		<difficult>0</difficult>
		<bndbox>
			<xmin>68</xmin>
			<ymin>21</ymin>
			<xmax>209</xmax>
			<ymax>141</ymax>
		</bndbox>
	</object>
</annotation>
