<annotation>
	<folder>images</folder>
	<filename>images (202).jpg</filename>
	<path>C:\Users\User\Desktop\logo\images\images (202).jpg</path>
	<source>
		<database>Unknown</database>
	</source>
	<size>
		<width>241</width>
		<height>210</height>
		<depth>3</depth>
	</size>
	<segmented>0</segmented>
	<object>
		<name>manchester_united</name>
		<pose>Unspecified</pose>
		<truncated>1</truncated>
		<difficult>0</difficult>
		<bndbox>
			<xmin>31</xmin>
			<ymin>30</ymin>
			<xmax>211</xmax>
			<ymax>210</ymax>
		</bndbox>
	</object>
</annotation>
