<annotation>
	<folder>images</folder>
	<filename>images (18).png</filename>
	<path>C:\Users\User\Desktop\logo\images\images (18).png</path>
	<source>
		<database>Unknown</database>
	</source>
	<size>
		<width>231</width>
		<height>218</height>
		<depth>3</depth>
	</size>
	<segmented>0</segmented>
	<object>
		<name>barcelona</name>
		<pose>Unspecified</pose>
		<truncated>1</truncated>
		<difficult>0</difficult>
		<bndbox>
			<xmin>1</xmin>
			<ymin>1</ymin>
			<xmax>231</xmax>
			<ymax>218</ymax>
		</bndbox>
	</object>
</annotation>
