<annotation>
	<folder>images</folder>
	<filename>images (88).jpg</filename>
	<path>C:\Users\User\Desktop\logo\images\images (88).jpg</path>
	<source>
		<database>Unknown</database>
	</source>
	<size>
		<width>268</width>
		<height>188</height>
		<depth>3</depth>
	</size>
	<segmented>0</segmented>
	<object>
		<name>barcelona</name>
		<pose>Unspecified</pose>
		<truncated>0</truncated>
		<difficult>0</difficult>
		<bndbox>
			<xmin>165</xmin>
			<ymin>88</ymin>
			<xmax>204</xmax>
			<ymax>126</ymax>
		</bndbox>
	</object>
</annotation>
