<annotation>
	<folder>images</folder>
	<filename>images (221).jpg</filename>
	<path>C:\Users\User\Desktop\logo\images\images (221).jpg</path>
	<source>
		<database>Unknown</database>
	</source>
	<size>
		<width>278</width>
		<height>181</height>
		<depth>3</depth>
	</size>
	<segmented>0</segmented>
	<object>
		<name>manchester_united</name>
		<pose>Unspecified</pose>
		<truncated>0</truncated>
		<difficult>0</difficult>
		<bndbox>
			<xmin>71</xmin>
			<ymin>35</ymin>
			<xmax>169</xmax>
			<ymax>136</ymax>
		</bndbox>
	</object>
</annotation>
