<annotation>
	<folder>images</folder>
	<filename>images (6).png</filename>
	<path>C:\Users\User\Desktop\logo\images\images (6).png</path>
	<source>
		<database>Unknown</database>
	</source>
	<size>
		<width>300</width>
		<height>168</height>
		<depth>3</depth>
	</size>
	<segmented>0</segmented>
	<object>
		<name>real_madrid</name>
		<pose>Unspecified</pose>
		<truncated>0</truncated>
		<difficult>0</difficult>
		<bndbox>
			<xmin>96</xmin>
			<ymin>11</ymin>
			<xmax>203</xmax>
			<ymax>157</ymax>
		</bndbox>
	</object>
</annotation>
