<annotation>
	<folder>images</folder>
	<filename>images (17).png</filename>
	<path>C:\Users\User\Desktop\logo\images\images (17).png</path>
	<source>
		<database>Unknown</database>
	</source>
	<size>
		<width>220</width>
		<height>229</height>
		<depth>3</depth>
	</size>
	<segmented>0</segmented>
	<object>
		<name>chelsea</name>
		<pose>Unspecified</pose>
		<truncated>0</truncated>
		<difficult>0</difficult>
		<bndbox>
			<xmin>8</xmin>
			<ymin>9</ymin>
			<xmax>213</xmax>
			<ymax>215</ymax>
		</bndbox>
	</object>
</annotation>
