<annotation>
	<folder>images</folder>
	<filename>images36.jpg</filename>
	<path>C:\Users\User\Desktop\logo\images\images36.jpg</path>
	<source>
		<database>Unknown</database>
	</source>
	<size>
		<width>201</width>
		<height>251</height>
		<depth>3</depth>
	</size>
	<segmented>0</segmented>
	<object>
		<name>real_madrid</name>
		<pose>Unspecified</pose>
		<truncated>0</truncated>
		<difficult>0</difficult>
		<bndbox>
			<xmin>76</xmin>
			<ymin>111</ymin>
			<xmax>125</xmax>
			<ymax>178</ymax>
		</bndbox>
	</object>
</annotation>
