<annotation>
	<folder>images</folder>
	<filename>images20.jpg</filename>
	<path>C:\Users\User\Desktop\logo\images\images20.jpg</path>
	<source>
		<database>Unknown</database>
	</source>
	<size>
		<width>250</width>
		<height>202</height>
		<depth>3</depth>
	</size>
	<segmented>0</segmented>
	<object>
		<name>real_madrid</name>
		<pose>Unspecified</pose>
		<truncated>0</truncated>
		<difficult>0</difficult>
		<bndbox>
			<xmin>21</xmin>
			<ymin>6</ymin>
			<xmax>182</xmax>
			<ymax>172</ymax>
		</bndbox>
	</object>
</annotation>
