<annotation>
	<folder>images</folder>
	<filename>images (27).png</filename>
	<path>C:\Users\User\Desktop\logo\images\images (27).png</path>
	<source>
		<database>Unknown</database>
	</source>
	<size>
		<width>225</width>
		<height>225</height>
		<depth>3</depth>
	</size>
	<segmented>0</segmented>
	<object>
		<name>barcelona</name>
		<pose>Unspecified</pose>
		<truncated>0</truncated>
		<difficult>0</difficult>
		<bndbox>
			<xmin>5</xmin>
			<ymin>20</ymin>
			<xmax>221</xmax>
			<ymax>207</ymax>
		</bndbox>
	</object>
</annotation>
