<annotation>
	<folder>images</folder>
	<filename>images (69).jpg</filename>
	<path>C:\Users\User\Desktop\logo\images\images (69).jpg</path>
	<source>
		<database>Unknown</database>
	</source>
	<size>
		<width>299</width>
		<height>168</height>
		<depth>3</depth>
	</size>
	<segmented>0</segmented>
	<object>
		<name>barcelona</name>
		<pose>Unspecified</pose>
		<truncated>0</truncated>
		<difficult>0</difficult>
		<bndbox>
			<xmin>8</xmin>
			<ymin>17</ymin>
			<xmax>143</xmax>
			<ymax>152</ymax>
		</bndbox>
	</object>
	<object>
		<name>barcelona</name>
		<pose>Unspecified</pose>
		<truncated>0</truncated>
		<difficult>0</difficult>
		<bndbox>
			<xmin>150</xmin>
			<ymin>13</ymin>
			<xmax>287</xmax>
			<ymax>153</ymax>
		</bndbox>
	</object>
</annotation>
