<annotation>
	<folder>images</folder>
	<filename>images (166).jpg</filename>
	<path>C:\Users\User\Desktop\logo\images\images (166).jpg</path>
	<source>
		<database>Unknown</database>
	</source>
	<size>
		<width>225</width>
		<height>225</height>
		<depth>3</depth>
	</size>
	<segmented>0</segmented>
	<object>
		<name>chelsea</name>
		<pose>Unspecified</pose>
		<truncated>0</truncated>
		<difficult>0</difficult>
		<bndbox>
			<xmin>132</xmin>
			<ymin>40</ymin>
			<xmax>158</xmax>
			<ymax>63</ymax>
		</bndbox>
	</object>
</annotation>
