<annotation>
	<folder>images</folder>
	<filename>images2.jpg</filename>
	<path>C:\Users\User\Desktop\logo\images\images2.jpg</path>
	<source>
		<database>Unknown</database>
	</source>
	<size>
		<width>270</width>
		<height>186</height>
		<depth>3</depth>
	</size>
	<segmented>0</segmented>
	<object>
		<name>real_madrid</name>
		<pose>Unspecified</pose>
		<truncated>0</truncated>
		<difficult>0</difficult>
		<bndbox>
			<xmin>52</xmin>
			<ymin>9</ymin>
			<xmax>213</xmax>
			<ymax>171</ymax>
		</bndbox>
	</object>
</annotation>
