<annotation>
	<folder>images</folder>
	<filename>images (102).jpg</filename>
	<path>C:\Users\User\Desktop\logo\images\images (102).jpg</path>
	<source>
		<database>Unknown</database>
	</source>
	<size>
		<width>273</width>
		<height>185</height>
		<depth>3</depth>
	</size>
	<segmented>0</segmented>
	<object>
		<name>barcelona</name>
		<pose>Unspecified</pose>
		<truncated>0</truncated>
		<difficult>0</difficult>
		<bndbox>
			<xmin>70</xmin>
			<ymin>14</ymin>
			<xmax>201</xmax>
			<ymax>146</ymax>
		</bndbox>
	</object>
</annotation>
