<annotation>
	<folder>images</folder>
	<filename>images10.jpg</filename>
	<path>C:\Users\User\Desktop\logo\images\images10.jpg</path>
	<source>
		<database>Unknown</database>
	</source>
	<size>
		<width>250</width>
		<height>202</height>
		<depth>3</depth>
	</size>
	<segmented>0</segmented>
	<object>
		<name>real_madrid</name>
		<pose>Unspecified</pose>
		<truncated>0</truncated>
		<difficult>0</difficult>
		<bndbox>
			<xmin>40</xmin>
			<ymin>17</ymin>
			<xmax>233</xmax>
			<ymax>188</ymax>
		</bndbox>
	</object>
</annotation>
