<annotation>
	<folder>images</folder>
	<filename>images (182).jpg</filename>
	<path>C:\Users\User\Desktop\logo\images\images (182).jpg</path>
	<source>
		<database>Unknown</database>
	</source>
	<size>
		<width>304</width>
		<height>166</height>
		<depth>3</depth>
	</size>
	<segmented>0</segmented>
	<object>
		<name>manchester_united</name>
		<pose>Unspecified</pose>
		<truncated>0</truncated>
		<difficult>0</difficult>
		<bndbox>
			<xmin>101</xmin>
			<ymin>35</ymin>
			<xmax>203</xmax>
			<ymax>131</ymax>
		</bndbox>
	</object>
</annotation>
