<annotation>
	<folder>images</folder>
	<filename>images (65).jpg</filename>
	<path>C:\Users\User\Desktop\logo\images\images (65).jpg</path>
	<source>
		<database>Unknown</database>
	</source>
	<size>
		<width>301</width>
		<height>167</height>
		<depth>3</depth>
	</size>
	<segmented>0</segmented>
	<object>
		<name>barcelona</name>
		<pose>Unspecified</pose>
		<truncated>0</truncated>
		<difficult>0</difficult>
		<bndbox>
			<xmin>77</xmin>
			<ymin>7</ymin>
			<xmax>229</xmax>
			<ymax>160</ymax>
		</bndbox>
	</object>
</annotation>
