<annotation>
	<folder>images</folder>
	<filename>images (214).jpg</filename>
	<path>C:\Users\User\Desktop\logo\images\images (214).jpg</path>
	<source>
		<database>Unknown</database>
	</source>
	<size>
		<width>261</width>
		<height>193</height>
		<depth>3</depth>
	</size>
	<segmented>0</segmented>
	<object>
		<name>manchester_united</name>
		<pose>Unspecified</pose>
		<truncated>0</truncated>
		<difficult>0</difficult>
		<bndbox>
			<xmin>57</xmin>
			<ymin>27</ymin>
			<xmax>194</xmax>
			<ymax>146</ymax>
		</bndbox>
	</object>
</annotation>
