<annotation>
	<folder>images</folder>
	<filename>images (180).jpg</filename>
	<path>C:\Users\User\Desktop\logo\images\images (180).jpg</path>
	<source>
		<database>Unknown</database>
	</source>
	<size>
		<width>100</width>
		<height>100</height>
		<depth>3</depth>
	</size>
	<segmented>0</segmented>
	<object>
		<name>manchester_united</name>
		<pose>Unspecified</pose>
		<truncated>0</truncated>
		<difficult>0</difficult>
		<bndbox>
			<xmin>4</xmin>
			<ymin>7</ymin>
			<xmax>96</xmax>
			<ymax>93</ymax>
		</bndbox>
	</object>
</annotation>
