<annotation>
	<folder>images</folder>
	<filename>images17.jpg</filename>
	<path>C:\Users\User\Desktop\logo\images\images17.jpg</path>
	<source>
		<database>Unknown</database>
	</source>
	<size>
		<width>262</width>
		<height>192</height>
		<depth>3</depth>
	</size>
	<segmented>0</segmented>
	<object>
		<name>real_madrid</name>
		<pose>Unspecified</pose>
		<truncated>0</truncated>
		<difficult>0</difficult>
		<bndbox>
			<xmin>73</xmin>
			<ymin>9</ymin>
			<xmax>184</xmax>
			<ymax>153</ymax>
		</bndbox>
	</object>
</annotation>
