<annotation>
	<folder>images</folder>
	<filename>images (204).jpg</filename>
	<path>C:\Users\User\Desktop\logo\images\images (204).jpg</path>
	<source>
		<database>Unknown</database>
	</source>
	<size>
		<width>225</width>
		<height>224</height>
		<depth>3</depth>
	</size>
	<segmented>0</segmented>
	<object>
		<name>manchester_united</name>
		<pose>Unspecified</pose>
		<truncated>0</truncated>
		<difficult>0</difficult>
		<bndbox>
			<xmin>7</xmin>
			<ymin>8</ymin>
			<xmax>216</xmax>
			<ymax>219</ymax>
		</bndbox>
	</object>
</annotation>
