<annotation>
	<folder>images</folder>
	<filename>images (164).jpg</filename>
	<path>C:\Users\User\Desktop\logo\images\images (164).jpg</path>
	<source>
		<database>Unknown</database>
	</source>
	<size>
		<width>272</width>
		<height>185</height>
		<depth>3</depth>
	</size>
	<segmented>0</segmented>
	<object>
		<name>chelsea</name>
		<pose>Unspecified</pose>
		<truncated>0</truncated>
		<difficult>0</difficult>
		<bndbox>
			<xmin>33</xmin>
			<ymin>22</ymin>
			<xmax>149</xmax>
			<ymax>158</ymax>
		</bndbox>
	</object>
</annotation>
