<annotation>
	<folder>images</folder>
	<filename>images (120).jpg</filename>
	<path>C:\Users\User\Desktop\logo\images\images (120).jpg</path>
	<source>
		<database>Unknown</database>
	</source>
	<size>
		<width>259</width>
		<height>194</height>
		<depth>3</depth>
	</size>
	<segmented>0</segmented>
	<object>
		<name>chelsea</name>
		<pose>Unspecified</pose>
		<truncated>0</truncated>
		<difficult>0</difficult>
		<bndbox>
			<xmin>87</xmin>
			<ymin>55</ymin>
			<xmax>171</xmax>
			<ymax>138</ymax>
		</bndbox>
	</object>
</annotation>
