<annotation>
	<folder>images</folder>
	<filename>images (81).jpg</filename>
	<path>C:\Users\User\Desktop\logo\images\images (81).jpg</path>
	<source>
		<database>Unknown</database>
	</source>
	<size>
		<width>259</width>
		<height>194</height>
		<depth>3</depth>
	</size>
	<segmented>0</segmented>
	<object>
		<name>barcelona</name>
		<pose>Unspecified</pose>
		<truncated>0</truncated>
		<difficult>0</difficult>
		<bndbox>
			<xmin>64</xmin>
			<ymin>14</ymin>
			<xmax>200</xmax>
			<ymax>156</ymax>
		</bndbox>
	</object>
</annotation>
