<annotation>
	<folder>images</folder>
	<filename>images25.jpg</filename>
	<path>C:\Users\User\Desktop\logo\images\images25.jpg</path>
	<source>
		<database>Unknown</database>
	</source>
	<size>
		<width>275</width>
		<height>183</height>
		<depth>3</depth>
	</size>
	<segmented>0</segmented>
	<object>
		<name>real_madrid</name>
		<pose>Unspecified</pose>
		<truncated>0</truncated>
		<difficult>0</difficult>
		<bndbox>
			<xmin>21</xmin>
			<ymin>63</ymin>
			<xmax>91</xmax>
			<ymax>155</ymax>
		</bndbox>
	</object>
	<object>
		<name>barcelona</name>
		<pose>Unspecified</pose>
		<truncated>0</truncated>
		<difficult>0</difficult>
		<bndbox>
			<xmin>170</xmin>
			<ymin>51</ymin>
			<xmax>272</xmax>
			<ymax>153</ymax>
		</bndbox>
	</object>
</annotation>
