<annotation>
	<folder>images</folder>
	<filename>images (153).jpg</filename>
	<path>C:\Users\User\Desktop\logo\images\images (153).jpg</path>
	<source>
		<database>Unknown</database>
	</source>
	<size>
		<width>186</width>
		<height>270</height>
		<depth>3</depth>
	</size>
	<segmented>0</segmented>
	<object>
		<name>chelsea</name>
		<pose>Unspecified</pose>
		<truncated>0</truncated>
		<difficult>0</difficult>
		<bndbox>
			<xmin>50</xmin>
			<ymin>88</ymin>
			<xmax>138</xmax>
			<ymax>177</ymax>
		</bndbox>
	</object>
</annotation>
