<annotation>
	<folder>images</folder>
	<filename>images (46).jpg</filename>
	<path>C:\Users\User\Desktop\logo\images\images (46).jpg</path>
	<source>
		<database>Unknown</database>
	</source>
	<size>
		<width>275</width>
		<height>183</height>
		<depth>3</depth>
	</size>
	<segmented>0</segmented>
	<object>
		<name>barcelona</name>
		<pose>Unspecified</pose>
		<truncated>0</truncated>
		<difficult>0</difficult>
		<bndbox>
			<xmin>76</xmin>
			<ymin>5</ymin>
			<xmax>200</xmax>
			<ymax>117</ymax>
		</bndbox>
	</object>
</annotation>
