<annotation>
	<folder>images</folder>
	<filename>images31.jpg</filename>
	<path>C:\Users\User\Desktop\logo\images\images31.jpg</path>
	<source>
		<database>Unknown</database>
	</source>
	<size>
		<width>218</width>
		<height>231</height>
		<depth>3</depth>
	</size>
	<segmented>0</segmented>
	<object>
		<name>real_madrid</name>
		<pose>Unspecified</pose>
		<truncated>0</truncated>
		<difficult>0</difficult>
		<bndbox>
			<xmin>48</xmin>
			<ymin>161</ymin>
			<xmax>83</xmax>
			<ymax>208</ymax>
		</bndbox>
	</object>
	<object>
		<name>real_madrid</name>
		<pose>Unspecified</pose>
		<truncated>0</truncated>
		<difficult>0</difficult>
		<bndbox>
			<xmin>92</xmin>
			<ymin>61</ymin>
			<xmax>145</xmax>
			<ymax>134</ymax>
		</bndbox>
	</object>
</annotation>
