<annotation>
	<folder>images</folder>
	<filename>images13.jpg</filename>
	<path>C:\Users\User\Desktop\logo\images\images13.jpg</path>
	<source>
		<database>Unknown</database>
	</source>
	<size>
		<width>297</width>
		<height>170</height>
		<depth>3</depth>
	</size>
	<segmented>0</segmented>
	<object>
		<name>barcelona</name>
		<pose>Unspecified</pose>
		<truncated>0</truncated>
		<difficult>0</difficult>
		<bndbox>
			<xmin>119</xmin>
			<ymin>50</ymin>
			<xmax>181</xmax>
			<ymax>126</ymax>
		</bndbox>
	</object>
	<object>
		<name>real_madrid</name>
		<pose>Unspecified</pose>
		<truncated>1</truncated>
		<difficult>0</difficult>
		<bndbox>
			<xmin>204</xmin>
			<ymin>48</ymin>
			<xmax>297</xmax>
			<ymax>113</ymax>
		</bndbox>
	</object>
</annotation>
