<annotation>
	<folder>images</folder>
	<filename>images (147).jpg</filename>
	<path>C:\Users\User\Desktop\logo\images\images (147).jpg</path>
	<source>
		<database>Unknown</database>
	</source>
	<size>
		<width>225</width>
		<height>225</height>
		<depth>3</depth>
	</size>
	<segmented>0</segmented>
	<object>
		<name>real_madrid</name>
		<pose>Unspecified</pose>
		<truncated>1</truncated>
		<difficult>0</difficult>
		<bndbox>
			<xmin>1</xmin>
			<ymin>41</ymin>
			<xmax>98</xmax>
			<ymax>194</ymax>
		</bndbox>
	</object>
	<object>
		<name>chelsea</name>
		<pose>Unspecified</pose>
		<truncated>1</truncated>
		<difficult>0</difficult>
		<bndbox>
			<xmin>110</xmin>
			<ymin>44</ymin>
			<xmax>225</xmax>
			<ymax>193</ymax>
		</bndbox>
	</object>
</annotation>
