<annotation>
	<folder>images</folder>
	<filename>images (51).jpg</filename>
	<path>C:\Users\User\Desktop\logo\images\images (51).jpg</path>
	<source>
		<database>Unknown</database>
	</source>
	<size>
		<width>191</width>
		<height>265</height>
		<depth>3</depth>
	</size>
	<segmented>0</segmented>
	<object>
		<name>barcelona</name>
		<pose>Unspecified</pose>
		<truncated>0</truncated>
		<difficult>0</difficult>
		<bndbox>
			<xmin>25</xmin>
			<ymin>63</ymin>
			<xmax>164</xmax>
			<ymax>204</ymax>
		</bndbox>
	</object>
</annotation>
