<annotation>
	<folder>images</folder>
	<filename>images (53).jpg</filename>
	<path>C:\Users\User\Desktop\logo\images\images (53).jpg</path>
	<source>
		<database>Unknown</database>
	</source>
	<size>
		<width>281</width>
		<height>179</height>
		<depth>3</depth>
	</size>
	<segmented>0</segmented>
	<object>
		<name>barcelona</name>
		<pose>Unspecified</pose>
		<truncated>0</truncated>
		<difficult>0</difficult>
		<bndbox>
			<xmin>97</xmin>
			<ymin>48</ymin>
			<xmax>178</xmax>
			<ymax>131</ymax>
		</bndbox>
	</object>
</annotation>
