<annotation>
	<folder>images</folder>
	<filename>images (112).jpg</filename>
	<path>C:\Users\User\Desktop\logo\images\images (112).jpg</path>
	<source>
		<database>Unknown</database>
	</source>
	<size>
		<width>224</width>
		<height>224</height>
		<depth>1</depth>
	</size>
	<segmented>0</segmented>
	<object>
		<name>chelsea</name>
		<pose>Unspecified</pose>
		<truncated>0</truncated>
		<difficult>0</difficult>
		<bndbox>
			<xmin>6</xmin>
			<ymin>5</ymin>
			<xmax>218</xmax>
			<ymax>217</ymax>
		</bndbox>
	</object>
</annotation>
