<annotation>
	<folder>images</folder>
	<filename>images (108).jpg</filename>
	<path>C:\Users\User\Desktop\logo\images\images (108).jpg</path>
	<source>
		<database>Unknown</database>
	</source>
	<size>
		<width>277</width>
		<height>182</height>
		<depth>3</depth>
	</size>
	<segmented>0</segmented>
	<object>
		<name>barcelona</name>
		<pose>Unspecified</pose>
		<truncated>0</truncated>
		<difficult>0</difficult>
		<bndbox>
			<xmin>18</xmin>
			<ymin>25</ymin>
			<xmax>143</xmax>
			<ymax>153</ymax>
		</bndbox>
	</object>
</annotation>
