<annotation>
	<folder>images</folder>
	<filename>images12.jpg</filename>
	<path>C:\Users\User\Desktop\logo\images\images12.jpg</path>
	<source>
		<database>Unknown</database>
	</source>
	<size>
		<width>267</width>
		<height>189</height>
		<depth>3</depth>
	</size>
	<segmented>0</segmented>
	<object>
		<name>real_madrid</name>
		<pose>Unspecified</pose>
		<truncated>0</truncated>
		<difficult>0</difficult>
		<bndbox>
			<xmin>51</xmin>
			<ymin>12</ymin>
			<xmax>168</xmax>
			<ymax>143</ymax>
		</bndbox>
	</object>
</annotation>
