<annotation>
	<folder>images</folder>
	<filename>images (105).jpg</filename>
	<path>C:\Users\User\Desktop\logo\images\images (105).jpg</path>
	<source>
		<database>Unknown</database>
	</source>
	<size>
		<width>271</width>
		<height>186</height>
		<depth>3</depth>
	</size>
	<segmented>0</segmented>
	<object>
		<name>barcelona</name>
		<pose>Unspecified</pose>
		<truncated>0</truncated>
		<difficult>0</difficult>
		<bndbox>
			<xmin>17</xmin>
			<ymin>19</ymin>
			<xmax>171</xmax>
			<ymax>178</ymax>
		</bndbox>
	</object>
</annotation>
