<annotation>
	<folder>images</folder>
	<filename>images (72).jpg</filename>
	<path>C:\Users\User\Desktop\logo\images\images (72).jpg</path>
	<source>
		<database>Unknown</database>
	</source>
	<size>
		<width>275</width>
		<height>183</height>
		<depth>3</depth>
	</size>
	<segmented>0</segmented>
	<object>
		<name>barcelona</name>
		<pose>Unspecified</pose>
		<truncated>0</truncated>
		<difficult>0</difficult>
		<bndbox>
			<xmin>83</xmin>
			<ymin>11</ymin>
			<xmax>218</xmax>
			<ymax>155</ymax>
		</bndbox>
	</object>
</annotation>
