<annotation>
	<folder>images</folder>
	<filename>images (23).png</filename>
	<path>C:\Users\User\Desktop\logo\images\images (23).png</path>
	<source>
		<database>Unknown</database>
	</source>
	<size>
		<width>225</width>
		<height>225</height>
		<depth>3</depth>
	</size>
	<segmented>0</segmented>
	<object>
		<name>barcelona</name>
		<pose>Unspecified</pose>
		<truncated>0</truncated>
		<difficult>0</difficult>
		<bndbox>
			<xmin>12</xmin>
			<ymin>9</ymin>
			<xmax>213</xmax>
			<ymax>215</ymax>
		</bndbox>
	</object>
</annotation>
