<annotation>
	<folder>images</folder>
	<filename>images34.jpg</filename>
	<path>C:\Users\User\Desktop\logo\images\images34.jpg</path>
	<source>
		<database>Unknown</database>
	</source>
	<size>
		<width>225</width>
		<height>225</height>
		<depth>3</depth>
	</size>
	<segmented>0</segmented>
	<object>
		<name>real_madrid</name>
		<pose>Unspecified</pose>
		<truncated>0</truncated>
		<difficult>0</difficult>
		<bndbox>
			<xmin>10</xmin>
			<ymin>2</ymin>
			<xmax>131</xmax>
			<ymax>196</ymax>
		</bndbox>
	</object>
</annotation>
