<annotation>
	<folder>images</folder>
	<filename>images (143).jpg</filename>
	<path>C:\Users\User\Desktop\logo\images\images (143).jpg</path>
	<source>
		<database>Unknown</database>
	</source>
	<size>
		<width>259</width>
		<height>194</height>
		<depth>3</depth>
	</size>
	<segmented>0</segmented>
	<object>
		<name>chelsea</name>
		<pose>Unspecified</pose>
		<truncated>0</truncated>
		<difficult>0</difficult>
		<bndbox>
			<xmin>74</xmin>
			<ymin>39</ymin>
			<xmax>203</xmax>
			<ymax>168</ymax>
		</bndbox>
	</object>
</annotation>
