<annotation>
	<folder>microcontroller object detection smaller</folder>
	<filename>IMG_20190104_163956.jpg</filename>
	<path>C:\Users\Gilbert\Desktop\Local_Programming\Datasets\Own\microcontroller object detection smaller\IMG_20190104_163956.jpg</path>
	<source>
		<database>Unknown</database>
	</source>
	<size>
		<width>800</width>
		<height>600</height>
		<depth>3</depth>
	</size>
	<segmented>0</segmented>
	<object>
		<name>Heltec_ESP32_Lora</name>
		<pose>Unspecified</pose>
		<truncated>0</truncated>
		<difficult>0</difficult>
		<bndbox>
			<xmin>163</xmin>
			<ymin>31</ymin>
			<xmax>426</xmax>
			<ymax>237</ymax>
		</bndbox>
	</object>
	<object>
		<name>Arduino_Nano</name>
		<pose>Unspecified</pose>
		<truncated>0</truncated>
		<difficult>0</difficult>
		<bndbox>
			<xmin>578</xmin>
			<ymin>80</ymin>
			<xmax>727</xmax>
			<ymax>297</ymax>
		</bndbox>
	</object>
	<object>
		<name>ESP8266</name>
		<pose>Unspecified</pose>
		<truncated>0</truncated>
		<difficult>0</difficult>
		<bndbox>
			<xmin>70</xmin>
			<ymin>389</ymin>
			<xmax>387</xmax>
			<ymax>571</ymax>
		</bndbox>
	</object>
</annotation>
