<annotation>
	<folder>microcontroller object detection smaller</folder>
	<filename>IMG_20190104_163815.jpg</filename>
	<path>C:\Users\Gilbert\Desktop\Local_Programming\Datasets\Own\microcontroller object detection smaller\IMG_20190104_163815.jpg</path>
	<source>
		<database>Unknown</database>
	</source>
	<size>
		<width>800</width>
		<height>600</height>
		<depth>3</depth>
	</size>
	<segmented>0</segmented>
	<object>
		<name>Arduino_Nano</name>
		<pose>Unspecified</pose>
		<truncated>0</truncated>
		<difficult>0</difficult>
		<bndbox>
			<xmin>254</xmin>
			<ymin>116</ymin>
			<xmax>637</xmax>
			<ymax>432</ymax>
		</bndbox>
	</object>
</annotation>
