<annotation>
	<folder>microcontroller object detection smaller</folder>
	<filename>IMG_20181228_101855.jpg</filename>
	<path>C:\Users\Gilbert\Desktop\Local_Programming\Datasets\Own\microcontroller object detection smaller\IMG_20181228_101855.jpg</path>
	<source>
		<database>Unknown</database>
	</source>
	<size>
		<width>800</width>
		<height>600</height>
		<depth>3</depth>
	</size>
	<segmented>0</segmented>
	<object>
		<name>Heltec_ESP32_Lora</name>
		<pose>Unspecified</pose>
		<truncated>0</truncated>
		<difficult>0</difficult>
		<bndbox>
			<xmin>398</xmin>
			<ymin>243</ymin>
			<xmax>592</xmax>
			<ymax>382</ymax>
		</bndbox>
	</object>
</annotation>
