<annotation>
	<folder>microcontroller object detection smaller</folder>
	<filename>IMG_20190104_164630.jpg</filename>
	<path>C:\Users\Gilbert\Desktop\Local_Programming\Datasets\Own\microcontroller object detection smaller\IMG_20190104_164630.jpg</path>
	<source>
		<database>Unknown</database>
	</source>
	<size>
		<width>800</width>
		<height>600</height>
		<depth>3</depth>
	</size>
	<segmented>0</segmented>
	<object>
		<name>Raspberry_Pi_3</name>
		<pose>Unspecified</pose>
		<truncated>0</truncated>
		<difficult>0</difficult>
		<bndbox>
			<xmin>249</xmin>
			<ymin>432</ymin>
			<xmax>449</xmax>
			<ymax>571</ymax>
		</bndbox>
	</object>
	<object>
		<name>Heltec_ESP32_Lora</name>
		<pose>Unspecified</pose>
		<truncated>0</truncated>
		<difficult>0</difficult>
		<bndbox>
			<xmin>325</xmin>
			<ymin>96</ymin>
			<xmax>427</xmax>
			<ymax>197</ymax>
		</bndbox>
	</object>
	<object>
		<name>Arduino_Nano</name>
		<pose>Unspecified</pose>
		<truncated>0</truncated>
		<difficult>0</difficult>
		<bndbox>
			<xmin>561</xmin>
			<ymin>19</ymin>
			<xmax>640</xmax>
			<ymax>108</ymax>
		</bndbox>
	</object>
</annotation>
