<annotation>
	<folder>microcontroller object detection smaller</folder>
	<filename>IMG_20181228_104234.jpg</filename>
	<path>C:\Users\Gilbert\Desktop\Local_Programming\Datasets\Own\microcontroller object detection smaller\IMG_20181228_104234.jpg</path>
	<source>
		<database>Unknown</database>
	</source>
	<size>
		<width>800</width>
		<height>600</height>
		<depth>3</depth>
	</size>
	<segmented>0</segmented>
	<object>
		<name>Arduino_Nano</name>
		<pose>Unspecified</pose>
		<truncated>0</truncated>
		<difficult>0</difficult>
		<bndbox>
			<xmin>123</xmin>
			<ymin>241</ymin>
			<xmax>375</xmax>
			<ymax>326</ymax>
		</bndbox>
	</object>
	<object>
		<name>Heltec_ESP32_Lora</name>
		<pose>Unspecified</pose>
		<truncated>0</truncated>
		<difficult>0</difficult>
		<bndbox>
			<xmin>243</xmin>
			<ymin>340</ymin>
			<xmax>508</xmax>
			<ymax>480</ymax>
		</bndbox>
	</object>
	<object>
		<name>ESP8266</name>
		<pose>Unspecified</pose>
		<truncated>0</truncated>
		<difficult>0</difficult>
		<bndbox>
			<xmin>433</xmin>
			<ymin>202</ymin>
			<xmax>698</xmax>
			<ymax>352</ymax>
		</bndbox>
	</object>
</annotation>
