<annotation>
	<folder>microcontroller object detection smaller</folder>
	<filename>IMG_20181228_104356.jpg</filename>
	<path>C:\Users\Gilbert\Desktop\Local_Programming\Datasets\Own\microcontroller object detection smaller\IMG_20181228_104356.jpg</path>
	<source>
		<database>Unknown</database>
	</source>
	<size>
		<width>800</width>
		<height>600</height>
		<depth>3</depth>
	</size>
	<segmented>0</segmented>
	<object>
		<name>ESP8266</name>
		<pose>Unspecified</pose>
		<truncated>0</truncated>
		<difficult>0</difficult>
		<bndbox>
			<xmin>37</xmin>
			<ymin>329</ymin>
			<xmax>287</xmax>
			<ymax>489</ymax>
		</bndbox>
	</object>
	<object>
		<name>Raspberry_Pi_3</name>
		<pose>Unspecified</pose>
		<truncated>0</truncated>
		<difficult>0</difficult>
		<bndbox>
			<xmin>251</xmin>
			<ymin>326</ymin>
			<xmax>641</xmax>
			<ymax>584</ymax>
		</bndbox>
	</object>
	<object>
		<name>Arduino_Nano</name>
		<pose>Unspecified</pose>
		<truncated>0</truncated>
		<difficult>0</difficult>
		<bndbox>
			<xmin>635</xmin>
			<ymin>263</ymin>
			<xmax>743</xmax>
			<ymax>379</ymax>
		</bndbox>
	</object>
</annotation>
