<annotation>
	<folder>images</folder>
	<filename>j3_Okxv8DM8CBEkm1ldQAAAAASUVORK5CYII_.png</filename>
	<path>C:\Users\User\Desktop\logo\images\j3_Okxv8DM8CBEkm1ldQAAAAASUVORK5CYII_.png</path>
	<source>
		<database>Unknown</database>
	</source>
	<size>
		<width>259</width>
		<height>194</height>
		<depth>3</depth>
	</size>
	<segmented>0</segmented>
	<object>
		<name>manchester_united</name>
		<pose>Unspecified</pose>
		<truncated>0</truncated>
		<difficult>0</difficult>
		<bndbox>
			<xmin>37</xmin>
			<ymin>4</ymin>
			<xmax>224</xmax>
			<ymax>190</ymax>
		</bndbox>
	</object>
</annotation>
