<annotation>
	<folder>images</folder>
	<filename>lugkmhni96OQbaoLrUsIlMo28U9T5kP8Ts29cN30bhBYWmgfSPjzMX_TzucN220Vt84uDb4H8BxiTxLAPpmQ8AAAAAElFTkSuQmC.png</filename>
	<path>C:\Users\User\Desktop\logo\images\lugkmhni96OQbaoLrUsIlMo28U9T5kP8Ts29cN30bhBYWmgfSPjzMX_TzucN220Vt84uDb4H8BxiTxLAPpmQ8AAAAAElFTkSuQmC.png</path>
	<source>
		<database>Unknown</database>
	</source>
	<size>
		<width>100</width>
		<height>100</height>
		<depth>3</depth>
	</size>
	<segmented>0</segmented>
	<object>
		<name>real_madrid</name>
		<pose>Unspecified</pose>
		<truncated>1</truncated>
		<difficult>0</difficult>
		<bndbox>
			<xmin>13</xmin>
			<ymin>1</ymin>
			<xmax>86</xmax>
			<ymax>100</ymax>
		</bndbox>
	</object>
</annotation>
