<annotation>
	<folder>images</folder>
	<filename>M7vLYJSE3UgAAAABJRU5ErkJggg__.png</filename>
	<path>C:\Users\User\Desktop\logo\images\M7vLYJSE3UgAAAABJRU5ErkJggg__.png</path>
	<source>
		<database>Unknown</database>
	</source>
	<size>
		<width>194</width>
		<height>260</height>
		<depth>3</depth>
	</size>
	<segmented>0</segmented>
	<object>
		<name>real_madrid</name>
		<pose>Unspecified</pose>
		<truncated>0</truncated>
		<difficult>0</difficult>
		<bndbox>
			<xmin>4</xmin>
			<ymin>2</ymin>
			<xmax>193</xmax>
			<ymax>257</ymax>
		</bndbox>
	</object>
</annotation>
