<annotation>
	<folder>images</folder>
	<filename>nO16zhvkdskp1fmE5noYR7y7MVytgQnkp9i99i8wcUKNIEZmMMpSWV78I8Nr4f_9ScvrieLRwAAAAAElFTkSuQmCC.png</filename>
	<path>C:\Users\User\Desktop\logo\images\nO16zhvkdskp1fmE5noYR7y7MVytgQnkp9i99i8wcUKNIEZmMMpSWV78I8Nr4f_9ScvrieLRwAAAAAElFTkSuQmCC.png</path>
	<source>
		<database>Unknown</database>
	</source>
	<size>
		<width>100</width>
		<height>100</height>
		<depth>3</depth>
	</size>
	<segmented>0</segmented>
	<object>
		<name>chelsea</name>
		<pose>Unspecified</pose>
		<truncated>1</truncated>
		<difficult>0</difficult>
		<bndbox>
			<xmin>1</xmin>
			<ymin>1</ymin>
			<xmax>100</xmax>
			<ymax>100</ymax>
		</bndbox>
	</object>
</annotation>
