<annotation>
	<folder>images</folder>
	<filename>nOz82N4AAAAAElFTkSuQmCC.png</filename>
	<path>C:\Users\User\Desktop\logo\images\nOz82N4AAAAAElFTkSuQmCC.png</path>
	<source>
		<database>Unknown</database>
	</source>
	<size>
		<width>300</width>
		<height>168</height>
		<depth>3</depth>
	</size>
	<segmented>0</segmented>
	<object>
		<name>barcelona</name>
		<pose>Unspecified</pose>
		<truncated>1</truncated>
		<difficult>0</difficult>
		<bndbox>
			<xmin>60</xmin>
			<ymin>1</ymin>
			<xmax>239</xmax>
			<ymax>168</ymax>
		</bndbox>
	</object>
</annotation>
