<annotation>
	<folder>images</folder>
	<filename>tAAAAAASUVORK5CYII_.png</filename>
	<path>C:\Users\User\Desktop\logo\images\tAAAAAASUVORK5CYII_.png</path>
	<source>
		<database>Unknown</database>
	</source>
	<size>
		<width>300</width>
		<height>168</height>
		<depth>3</depth>
	</size>
	<segmented>0</segmented>
	<object>
		<name>manchester_united</name>
		<pose>Unspecified</pose>
		<truncated>1</truncated>
		<difficult>0</difficult>
		<bndbox>
			<xmin>67</xmin>
			<ymin>1</ymin>
			<xmax>232</xmax>
			<ymax>165</ymax>
		</bndbox>
	</object>
</annotation>
