<annotation>
	<folder>images</folder>
	<filename>uLbiG8tOs76ghe59ufUcJqQ5zSfyzfJbPoqz8P_4LATRbi2RSAAAAAElFTkSuQmCC.png</filename>
	<path>C:\Users\User\Desktop\logo\images\uLbiG8tOs76ghe59ufUcJqQ5zSfyzfJbPoqz8P_4LATRbi2RSAAAAAElFTkSuQmCC.png</path>
	<source>
		<database>Unknown</database>
	</source>
	<size>
		<width>222</width>
		<height>227</height>
		<depth>3</depth>
	</size>
	<segmented>0</segmented>
	<object>
		<name>barcelona</name>
		<pose>Unspecified</pose>
		<truncated>0</truncated>
		<difficult>0</difficult>
		<bndbox>
			<xmin>2</xmin>
			<ymin>3</ymin>
			<xmax>221</xmax>
			<ymax>223</ymax>
		</bndbox>
	</object>
</annotation>
