<annotation>
	<folder>images</folder>
	<filename>wc3QrKbbddm2AAAAABJRU5ErkJggg__.png</filename>
	<path>C:\Users\User\Desktop\logo\images\wc3QrKbbddm2AAAAABJRU5ErkJggg__.png</path>
	<source>
		<database>Unknown</database>
	</source>
	<size>
		<width>286</width>
		<height>176</height>
		<depth>3</depth>
	</size>
	<segmented>0</segmented>
	<object>
		<name>barcelona</name>
		<pose>Unspecified</pose>
		<truncated>0</truncated>
		<difficult>0</difficult>
		<bndbox>
			<xmin>74</xmin>
			<ymin>23</ymin>
			<xmax>209</xmax>
			<ymax>153</ymax>
		</bndbox>
	</object>
</annotation>
