<annotation>
	<folder>images</folder>
	<filename>wMSUqmH3RoNUgAAAABJRU5ErkJggg__.png</filename>
	<path>C:\Users\User\Desktop\logo\images\wMSUqmH3RoNUgAAAABJRU5ErkJggg__.png</path>
	<source>
		<database>Unknown</database>
	</source>
	<size>
		<width>284</width>
		<height>177</height>
		<depth>3</depth>
	</size>
	<segmented>0</segmented>
	<object>
		<name>barcelona</name>
		<pose>Unspecified</pose>
		<truncated>0</truncated>
		<difficult>0</difficult>
		<bndbox>
			<xmin>55</xmin>
			<ymin>3</ymin>
			<xmax>228</xmax>
			<ymax>174</ymax>
		</bndbox>
	</object>
</annotation>
