<annotation>
	<folder>images</folder>
	<filename>xD0AAAAASUVORK5CYII_.png</filename>
	<path>C:\Users\User\Desktop\logo\images\xD0AAAAASUVORK5CYII_.png</path>
	<source>
		<database>Unknown</database>
	</source>
	<size>
		<width>259</width>
		<height>194</height>
		<depth>3</depth>
	</size>
	<segmented>0</segmented>
	<object>
		<name>barcelona</name>
		<pose>Unspecified</pose>
		<truncated>0</truncated>
		<difficult>0</difficult>
		<bndbox>
			<xmin>94</xmin>
			<ymin>43</ymin>
			<xmax>165</xmax>
			<ymax>116</ymax>
		</bndbox>
	</object>
</annotation>
