<annotation>
	<folder>images</folder>
	<filename>y2gAAAABJRU5ErkJggg__.png</filename>
	<path>C:\Users\User\Desktop\logo\images\y2gAAAABJRU5ErkJggg__.png</path>
	<source>
		<database>Unknown</database>
	</source>
	<size>
		<width>184</width>
		<height>274</height>
		<depth>3</depth>
	</size>
	<segmented>0</segmented>
	<object>
		<name>barcelona</name>
		<pose>Unspecified</pose>
		<truncated>0</truncated>
		<difficult>0</difficult>
		<bndbox>
			<xmin>42</xmin>
			<ymin>87</ymin>
			<xmax>139</xmax>
			<ymax>184</ymax>
		</bndbox>
	</object>
</annotation>
