<annotation>
	<folder>images</folder>
	<filename>Z (13).jpg</filename>
	<path>C:\Users\User\Desktop\logo\images\Z (13).jpg</path>
	<source>
		<database>Unknown</database>
	</source>
	<size>
		<width>222</width>
		<height>227</height>
		<depth>3</depth>
	</size>
	<segmented>0</segmented>
	<object>
		<name>manchester_united</name>
		<pose>Unspecified</pose>
		<truncated>1</truncated>
		<difficult>0</difficult>
		<bndbox>
			<xmin>3</xmin>
			<ymin>1</ymin>
			<xmax>222</xmax>
			<ymax>227</ymax>
		</bndbox>
	</object>
</annotation>
