<annotation>
	<folder>images</folder>
	<filename>Z (10).jpg</filename>
	<path>C:\Users\User\Desktop\logo\images\Z (10).jpg</path>
	<source>
		<database>Unknown</database>
	</source>
	<size>
		<width>252</width>
		<height>200</height>
		<depth>3</depth>
	</size>
	<segmented>0</segmented>
	<object>
		<name>chelsea</name>
		<pose>Unspecified</pose>
		<truncated>0</truncated>
		<difficult>0</difficult>
		<bndbox>
			<xmin>56</xmin>
			<ymin>21</ymin>
			<xmax>195</xmax>
			<ymax>163</ymax>
		</bndbox>
	</object>
</annotation>
