<annotation>
	<folder>images</folder>
	<filename>Z (12).jpg</filename>
	<path>C:\Users\User\Desktop\logo\images\Z (12).jpg</path>
	<source>
		<database>Unknown</database>
	</source>
	<size>
		<width>100</width>
		<height>100</height>
		<depth>3</depth>
	</size>
	<segmented>0</segmented>
	<object>
		<name>chelsea</name>
		<pose>Unspecified</pose>
		<truncated>0</truncated>
		<difficult>0</difficult>
		<bndbox>
			<xmin>14</xmin>
			<ymin>13</ymin>
			<xmax>89</xmax>
			<ymax>87</ymax>
		</bndbox>
	</object>
</annotation>
