<annotation>
	<folder>images</folder>
	<filename>Z (11).jpg</filename>
	<path>C:\Users\User\Desktop\logo\images\Z (11).jpg</path>
	<source>
		<database>Unknown</database>
	</source>
	<size>
		<width>263</width>
		<height>192</height>
		<depth>3</depth>
	</size>
	<segmented>0</segmented>
	<object>
		<name>chelsea</name>
		<pose>Unspecified</pose>
		<truncated>0</truncated>
		<difficult>0</difficult>
		<bndbox>
			<xmin>31</xmin>
			<ymin>82</ymin>
			<xmax>117</xmax>
			<ymax>155</ymax>
		</bndbox>
	</object>
</annotation>
