<annotation>
	<folder>images</folder>
	<filename>Z (7).jpg</filename>
	<path>C:\Users\User\Desktop\logo\images\Z (7).jpg</path>
	<source>
		<database>Unknown</database>
	</source>
	<size>
		<width>226</width>
		<height>223</height>
		<depth>3</depth>
	</size>
	<segmented>0</segmented>
	<object>
		<name>barcelona</name>
		<pose>Unspecified</pose>
		<truncated>1</truncated>
		<difficult>0</difficult>
		<bndbox>
			<xmin>7</xmin>
			<ymin>2</ymin>
			<xmax>226</xmax>
			<ymax>223</ymax>
		</bndbox>
	</object>
</annotation>
