<annotation>
	<folder>images</folder>
	<filename>Z (9).jpg</filename>
	<path>C:\Users\User\Desktop\logo\images\Z (9).jpg</path>
	<source>
		<database>Unknown</database>
	</source>
	<size>
		<width>100</width>
		<height>100</height>
		<depth>3</depth>
	</size>
	<segmented>0</segmented>
	<object>
		<name>chelsea</name>
		<pose>Unspecified</pose>
		<truncated>1</truncated>
		<difficult>0</difficult>
		<bndbox>
			<xmin>30</xmin>
			<ymin>31</ymin>
			<xmax>100</xmax>
			<ymax>96</ymax>
		</bndbox>
	</object>
</annotation>
