<annotation>
	<folder>images</folder>
	<filename>ZH6fsi0c0zQAAAABJRU5ErkJggg__.png</filename>
	<path>C:\Users\User\Desktop\logo\images\ZH6fsi0c0zQAAAABJRU5ErkJggg__.png</path>
	<source>
		<database>Unknown</database>
	</source>
	<size>
		<width>174</width>
		<height>290</height>
		<depth>3</depth>
	</size>
	<segmented>0</segmented>
	<object>
		<name>real_madrid</name>
		<pose>Unspecified</pose>
		<truncated>0</truncated>
		<difficult>0</difficult>
		<bndbox>
			<xmin>10</xmin>
			<ymin>6</ymin>
			<xmax>164</xmax>
			<ymax>221</ymax>
		</bndbox>
	</object>
</annotation>
